Participant_ID,Age,Gender,Position_Level,Tenure_Years,Education,Industry,Org_Size_Category,Country,Org_Size_Numeric,TC_Score,CMC_Score,EA_Score,ALO_Score,TC1,TC2,TC3,TC4,TC5,TC6,TC7,TC8,CMC1,CMC2,CMC3,CMC4,CMC5,CMC6,CMC7,CMC8,EA1,EA2,EA3,EA4,EA5,EA6,EA7,EA8,ALO1,ALO2,ALO3,ALO4,ALO5,ALO6,ALO7,ALO8,OI1,SA1,OL1,OI2,SA2,OL2,OI3,SA3,OL3,OI4,SA4,OL4,OI_Score,SA_Score,OL_Score,Overall_Success,PD1,UA1,IC1,LTO1,PD2,UA2,IC2,LTO2,PD3,UA3,IC3,LTO3,PD_Score,UA_Score,Collectivism_Score,LTO_Score,Survey_Date,Survey_Link_Key
VN_QUANT_001,44,Male,Senior Executive,8.0,Bachelor,Retail,Medium (500-2000),Vietnam,891,3.8670261440950267,6.582677357872806,5.835882247385168,4.855185884033988,3.0,2.0,2.0,3.0,3.0,3.0,4.0,2.0,4.0,6.0,5.0,4.0,5.0,6.0,4.0,6.0,5.0,4.0,5.0,4.0,4.0,4.0,4.0,5.0,5.0,4.0,4.0,3.0,4.0,4.0,3.0,3.0,7.0,7.0,7.0,7.0,7.0,7.0,7.0,7.0,7.0,6.0,7.0,7.0,7.0,7.0,7.0,7.0,5.0,4.0,5.0,7.0,4.0,3.0,5.0,6.0,4.0,3.0,4.0,7.0,4.42,3.53,4.53,7.0,2023-06-30,
VN_QUANT_002,27,Male,Team Leader,2.0,Bachelor,Retail,Large (> 2000),Vietnam,2007,3.9876577023246553,3.609338196052693,4.162139163159954,5.566011015412522,2.0,4.0,2.0,3.0,3.0,2.0,3.0,4.0,3.0,3.0,3.0,4.0,3.0,2.0,3.0,3.0,4.0,5.0,3.0,4.0,3.0,3.0,3.0,4.0,5.0,3.0,4.0,4.0,4.0,4.0,5.0,4.0,5.0,5.0,6.0,6.0,6.0,5.0,6.0,6.0,6.0,6.0,5.0,6.0,5.78,5.7,6.18,5.82,5.0,5.0,5.0,7.0,5.0,5.0,5.0,7.0,5.0,5.0,6.0,7.0,5.03,5.42,5.36,7.0,2023-08-13,
VN_QUANT_003,43,Male,Team Leader,5.9,Bachelor,Manufacturing,Large (> 2000),Vietnam,6708,6.015511131863464,5.903785764239975,5.4272905387398325,6.2168481724976505,4.0,6.0,5.0,5.0,5.0,5.0,4.0,6.0,4.0,5.0,4.0,5.0,3.0,4.0,5.0,6.0,4.0,5.0,5.0,5.0,5.0,3.0,4.0,4.0,5.0,4.0,5.0,3.0,7.0,4.0,4.0,5.0,7.0,7.0,7.0,6.0,6.0,7.0,7.0,7.0,6.0,6.0,7.0,7.0,7.0,7.0,7.0,7.0,4.0,4.0,6.0,3.0,4.0,4.0,7.0,4.0,4.0,4.0,7.0,3.0,4.29,3.65,6.04,3.02,2023-08-24,
VN_QUANT_004,49,Male,Team Leader,11.7,Master,Retail,Medium (500-2000),Vietnam,1784,5.153027269166429,5.638795368314009,5.458799546671284,6.0713623851734715,4.0,3.0,3.0,5.0,4.0,3.0,3.0,5.0,4.0,5.0,4.0,4.0,4.0,4.0,3.0,6.0,6.0,6.0,4.0,4.0,5.0,4.0,5.0,4.0,5.0,5.0,5.0,4.0,4.0,5.0,5.0,4.0,7.0,6.0,7.0,7.0,7.0,6.0,7.0,6.0,7.0,7.0,7.0,7.0,7.0,6.76,7.0,7.0,6.0,4.0,4.0,6.0,5.0,4.0,5.0,6.0,5.0,5.0,6.0,5.0,5.42,4.56,5.12,5.42,2023-06-01,
VN_QUANT_005,33,Male,Senior Executive,5.2,Master,Healthcare,Large (> 2000),Vietnam,7318,3.554634893132792,4.7071215193803,4.615782945916898,4.559063100123534,3.0,2.0,3.0,2.0,3.0,3.0,2.0,2.0,4.0,5.0,3.0,4.0,5.0,3.0,3.0,5.0,2.0,5.0,3.0,5.0,5.0,3.0,4.0,2.0,5.0,5.0,5.0,3.0,4.0,4.0,2.0,4.0,7.0,6.0,6.0,7.0,6.0,6.0,7.0,7.0,6.0,7.0,6.0,7.0,6.73,6.37,6.58,6.66,5.0,5.0,6.0,4.0,5.0,4.0,6.0,5.0,5.0,4.0,6.0,5.0,4.51,4.29,5.96,4.84,2023-06-09,
VN_QUANT_006,36,Male,Department Head,7.0,Bachelor,Technology,Medium (500-2000),Vietnam,1097,3.717103423926356,4.7342395198669465,7.0,4.685111714431623,2.0,3.0,3.0,3.0,2.0,3.0,2.0,4.0,3.0,3.0,3.0,4.0,1.0,2.0,2.0,5.0,5.0,6.0,4.0,5.0,4.0,5.0,6.0,6.0,3.0,2.0,4.0,4.0,4.0,3.0,3.0,4.0,7.0,7.0,7.0,7.0,7.0,7.0,7.0,7.0,7.0,7.0,7.0,7.0,7.0,6.85,7.0,7.0,7.0,5.0,6.0,6.0,7.0,4.0,6.0,6.0,7.0,6.0,6.0,6.0,6.57,4.95,5.63,6.06,2023-06-03,
VN_QUANT_007,38,Female,Team Leader,10.6,Bachelor,Technology,Medium (500-2000),Vietnam,885,4.7562755711736155,6.0565108002890415,6.644476116849963,5.4467663496061824,3.0,4.0,2.0,4.0,3.0,6.0,5.0,3.0,3.0,6.0,6.0,5.0,4.0,5.0,5.0,5.0,3.0,5.0,5.0,4.0,6.0,6.0,6.0,5.0,5.0,4.0,4.0,4.0,4.0,5.0,4.0,5.0,6.0,7.0,7.0,7.0,7.0,6.0,7.0,7.0,7.0,7.0,6.0,7.0,7.0,7.0,6.86,7.0,6.0,4.0,7.0,6.0,6.0,1.0,6.0,6.0,6.0,1.0,6.0,6.0,5.68,2.1,6.33,6.55,2023-09-21,
VN_QUANT_008,40,Male,Senior Executive,2.7,PhD,Manufacturing,Small (< 500),Vietnam,228,5.796738395115575,6.536306590800578,5.337522904995911,6.724063520656475,4.0,5.0,4.0,5.0,5.0,4.0,5.0,5.0,5.0,6.0,6.0,5.0,3.0,4.0,5.0,6.0,5.0,3.0,4.0,4.0,4.0,4.0,5.0,2.0,6.0,6.0,6.0,5.0,4.0,3.0,5.0,5.0,7.0,7.0,7.0,7.0,7.0,7.0,7.0,6.0,7.0,7.0,6.0,7.0,6.89,6.67,7.0,7.0,5.0,4.0,5.0,5.0,4.0,4.0,6.0,4.0,5.0,5.0,5.0,4.0,4.49,4.34,5.65,4.35,2023-07-23,
VN_QUANT_009,35,Female,Department Head,5.6,Bachelor,Financial Services,Small (< 500),Vietnam,499,4.727312743115096,4.777314778361459,6.077556783719023,5.655796466465749,4.0,4.0,3.0,3.0,4.0,3.0,4.0,4.0,4.0,4.0,4.0,3.0,3.0,5.0,4.0,5.0,4.0,6.0,5.0,3.0,5.0,5.0,5.0,3.0,4.0,4.0,3.0,4.0,4.0,2.0,5.0,4.0,7.0,7.0,7.0,7.0,7.0,7.0,7.0,7.0,7.0,7.0,6.0,6.0,7.0,6.61,7.0,6.7,5.0,5.0,7.0,6.0,4.0,4.0,7.0,6.0,5.0,4.0,7.0,6.0,5.01,4.23,7.0,6.37,2023-07-12,
VN_QUANT_010,39,Male,Senior Executive,8.9,Master,Financial Services,Large (> 2000),Vietnam,9407,3.3091081900292996,4.576053202559267,3.9595876302919883,4.500550728551931,3.0,2.0,2.0,3.0,2.0,2.0,3.0,4.0,3.0,4.0,3.0,2.0,4.0,4.0,3.0,3.0,2.0,3.0,3.0,5.0,4.0,4.0,3.0,4.0,5.0,4.0,3.0,3.0,2.0,3.0,5.0,4.0,6.0,6.0,6.0,6.0,6.0,6.0,7.0,6.0,7.0,6.0,6.0,6.0,6.35,6.31,6.63,6.4,6.0,4.0,4.0,6.0,6.0,3.0,4.0,6.0,5.0,4.0,4.0,6.0,5.56,3.9,4.03,5.47,2023-06-19,
VN_QUANT_011,35,Female,Department Head,5.6,Master,Financial Services,Medium (500-2000),Vietnam,949,5.374999419016415,5.797753449052293,6.413686187124594,6.7996609766669245,4.0,5.0,2.0,4.0,5.0,5.0,6.0,4.0,5.0,6.0,4.0,5.0,4.0,4.0,5.0,5.0,6.0,7.0,4.0,5.0,4.0,5.0,4.0,5.0,5.0,5.0,6.0,5.0,4.0,4.0,5.0,5.0,7.0,7.0,7.0,7.0,7.0,7.0,7.0,7.0,7.0,7.0,7.0,7.0,7.0,6.84,7.0,7.0,4.0,5.0,4.0,5.0,3.0,6.0,6.0,5.0,3.0,4.0,5.0,5.0,3.35,5.08,5.09,5.24,2023-06-06,0b31b6f32354bb06
VN_QUANT_012,43,Female,Team Leader,9.7,Bachelor,Financial Services,Medium (500-2000),Vietnam,1314,3.7489360011422095,4.5229556117941625,3.134401327227746,3.821101236623253,3.0,3.0,3.0,4.0,4.0,3.0,3.0,4.0,4.0,4.0,3.0,5.0,4.0,3.0,3.0,3.0,2.0,2.0,2.0,2.0,2.0,3.0,2.0,1.0,2.0,4.0,4.0,2.0,3.0,2.0,2.0,3.0,7.0,6.0,6.0,5.0,6.0,7.0,5.0,5.0,7.0,5.0,5.0,6.0,5.67,5.62,6.15,5.51,6.0,4.0,6.0,6.0,6.0,4.0,7.0,6.0,6.0,3.0,6.0,6.0,5.52,3.88,6.41,6.03,2023-06-07,
VN_QUANT_013,25,Female,Department Head,2.0,Master,Retail,Small (< 500),Vietnam,283,2.920148797852044,3.1483043976601284,4.778470288628636,4.73728207546402,1.0,2.0,2.0,2.0,2.0,2.0,2.0,2.0,2.0,2.0,2.0,1.0,3.0,2.0,1.0,2.0,4.0,3.0,4.0,3.0,3.0,4.0,3.0,4.0,4.0,2.0,4.0,3.0,6.0,4.0,6.0,4.0,5.0,5.0,6.0,5.0,5.0,5.0,5.0,5.0,6.0,5.0,5.0,6.0,5.22,4.79,5.74,4.93,3.0,5.0,6.0,6.0,3.0,5.0,5.0,7.0,3.0,5.0,5.0,5.0,3.12,4.88,5.97,5.35,2023-07-13,
VN_QUANT_014,39,Male,Department Head,2.1,PhD,Financial Services,Medium (500-2000),Vietnam,1706,5.470036323268814,6.506983162426865,6.103653722455545,6.350633500719534,6.0,5.0,6.0,4.0,5.0,5.0,4.0,5.0,7.0,5.0,5.0,5.0,5.0,5.0,4.0,6.0,6.0,6.0,5.0,4.0,3.0,5.0,4.0,5.0,5.0,5.0,5.0,4.0,6.0,4.0,5.0,5.0,7.0,7.0,7.0,6.0,7.0,7.0,7.0,7.0,6.0,7.0,6.0,7.0,7.0,6.81,7.0,7.0,7.0,4.0,6.0,6.0,7.0,4.0,7.0,7.0,6.0,3.0,6.0,6.0,6.69,4.17,6.19,6.63,2023-08-19,
VN_QUANT_015,36,Female,Senior Executive,2.0,PhD,Retail,Medium (500-2000),Vietnam,857,4.336021097396971,6.466943177312568,6.2369486199377775,5.972309811370785,3.0,5.0,4.0,4.0,3.0,3.0,4.0,2.0,6.0,6.0,5.0,4.0,4.0,5.0,3.0,5.0,4.0,6.0,6.0,6.0,4.0,5.0,6.0,4.0,3.0,5.0,3.0,4.0,4.0,5.0,5.0,4.0,7.0,7.0,7.0,7.0,7.0,7.0,7.0,6.0,7.0,7.0,7.0,7.0,7.0,6.83,7.0,7.0,5.0,5.0,3.0,5.0,5.0,5.0,3.0,5.0,5.0,3.0,4.0,4.0,4.59,4.25,2.91,5.11,2023-07-06,
VN_QUANT_016,26,Male,Senior Executive,2.0,Master,Financial Services,Large (> 2000),Vietnam,4423,5.608031361608683,3.7564737695306807,5.229695646720498,4.713129266152581,5.0,4.0,6.0,5.0,5.0,3.0,4.0,5.0,3.0,3.0,3.0,3.0,3.0,4.0,2.0,3.0,5.0,6.0,5.0,6.0,4.0,4.0,4.0,3.0,4.0,4.0,4.0,3.0,4.0,4.0,3.0,4.0,7.0,6.0,7.0,7.0,5.0,7.0,7.0,6.0,7.0,7.0,5.0,6.0,7.0,6.21,7.0,7.0,7.0,3.0,5.0,6.0,6.0,5.0,6.0,7.0,6.0,5.0,7.0,7.0,6.15,4.32,5.64,6.83,2023-08-07,
VN_QUANT_017,43,Female,Department Head,10.9,Bachelor,Financial Services,Large (> 2000),Vietnam,6797,7.0,7.0,5.114761162398016,6.144072153494674,5.0,5.0,6.0,4.0,5.0,6.0,5.0,5.0,5.0,6.0,6.0,4.0,6.0,5.0,5.0,6.0,5.0,4.0,4.0,5.0,4.0,4.0,4.0,4.0,5.0,5.0,5.0,4.0,4.0,3.0,4.0,4.0,6.0,7.0,7.0,6.0,7.0,7.0,7.0,7.0,7.0,6.0,7.0,7.0,6.47,6.8,7.0,7.0,4.0,4.0,5.0,5.0,3.0,4.0,6.0,6.0,4.0,4.0,5.0,5.0,3.74,3.8,5.81,5.48,2023-08-21,
VN_QUANT_018,41,Male,Team Leader,6.5,Master,Manufacturing,Medium (500-2000),Vietnam,1337,4.946945786408751,5.17732501949326,5.030745144470133,6.151046879395148,3.0,4.0,3.0,4.0,4.0,4.0,4.0,4.0,4.0,4.0,5.0,4.0,3.0,4.0,4.0,4.0,4.0,5.0,4.0,4.0,3.0,4.0,5.0,4.0,6.0,4.0,5.0,5.0,4.0,5.0,4.0,5.0,6.0,7.0,7.0,7.0,7.0,7.0,7.0,6.0,7.0,7.0,7.0,7.0,6.78,6.33,7.0,6.8,5.0,7.0,7.0,3.0,6.0,4.0,5.0,4.0,6.0,5.0,6.0,3.0,5.63,5.56,6.35,3.12,2023-09-04,
VN_QUANT_019,40,Male,Department Head,13.5,Bachelor,Healthcare,Large (> 2000),Vietnam,3750,4.381668926615627,5.015920169188677,5.93403629902139,6.240740397781912,4.0,5.0,4.0,5.0,3.0,3.0,4.0,2.0,4.0,5.0,3.0,4.0,5.0,4.0,4.0,3.0,5.0,5.0,4.0,5.0,4.0,6.0,4.0,4.0,5.0,6.0,3.0,4.0,4.0,5.0,5.0,6.0,7.0,6.0,7.0,6.0,7.0,7.0,6.0,6.0,7.0,7.0,7.0,7.0,6.9,6.79,7.0,7.0,3.0,6.0,6.0,5.0,3.0,5.0,6.0,5.0,4.0,5.0,5.0,5.0,3.71,5.08,6.12,4.7,2023-09-04,
VN_QUANT_020,44,Male,Senior Executive,2.2,PhD,Manufacturing,Medium (500-2000),Vietnam,1037,5.809073941434067,5.687926767047244,4.88677809280732,5.901343451839464,4.0,5.0,4.0,4.0,5.0,5.0,5.0,4.0,5.0,6.0,5.0,5.0,3.0,4.0,4.0,4.0,5.0,5.0,4.0,4.0,4.0,5.0,3.0,3.0,3.0,5.0,4.0,5.0,3.0,5.0,4.0,6.0,7.0,7.0,7.0,7.0,7.0,7.0,7.0,7.0,7.0,7.0,7.0,7.0,7.0,6.84,7.0,7.0,4.0,4.0,5.0,6.0,4.0,3.0,5.0,6.0,5.0,4.0,6.0,5.0,4.68,3.94,5.81,5.4,2023-08-21,
VN_QUANT_021,41,Male,Department Head,6.8,Master,Manufacturing,Large (> 2000),Vietnam,6877,4.916744631816712,5.317209981060957,5.4841613099309265,5.799180595193893,3.0,4.0,4.0,3.0,4.0,5.0,2.0,5.0,5.0,4.0,3.0,4.0,3.0,4.0,5.0,5.0,4.0,4.0,4.0,4.0,4.0,5.0,4.0,4.0,4.0,4.0,6.0,3.0,3.0,4.0,5.0,4.0,7.0,7.0,7.0,7.0,7.0,7.0,7.0,7.0,7.0,7.0,7.0,7.0,7.0,6.99,7.0,7.0,6.0,4.0,6.0,6.0,6.0,4.0,5.0,5.0,6.0,5.0,6.0,6.0,6.06,4.17,5.71,5.87,2023-07-09,
VN_QUANT_022,33,Male,Senior Executive,2.3,Bachelor,Technology,Large (> 2000),Vietnam,6177,5.189772854279955,5.28363737654504,4.2215199273664705,5.605033317425886,4.0,5.0,5.0,5.0,3.0,4.0,3.0,3.0,4.0,5.0,4.0,4.0,3.0,4.0,3.0,5.0,4.0,5.0,3.0,3.0,2.0,4.0,3.0,3.0,3.0,4.0,3.0,2.0,5.0,4.0,3.0,5.0,7.0,7.0,7.0,7.0,7.0,7.0,7.0,7.0,7.0,7.0,7.0,7.0,6.95,7.0,7.0,7.0,6.0,5.0,6.0,6.0,6.0,5.0,4.0,6.0,5.0,4.0,5.0,5.0,5.68,4.48,4.67,5.4,2023-07-13,
VN_QUANT_023,44,Male,Department Head,3.0,Bachelor,Other,Medium (500-2000),Vietnam,1881,4.94704963694522,5.6654005815214346,5.532526277494908,4.143604825435045,4.0,5.0,4.0,4.0,3.0,2.0,4.0,3.0,5.0,5.0,4.0,5.0,4.0,4.0,5.0,3.0,4.0,6.0,3.0,4.0,4.0,5.0,5.0,3.0,5.0,4.0,3.0,4.0,4.0,3.0,4.0,3.0,7.0,7.0,7.0,7.0,7.0,6.0,7.0,7.0,7.0,7.0,7.0,7.0,7.0,7.0,7.0,7.0,5.0,5.0,6.0,5.0,6.0,5.0,6.0,5.0,6.0,4.0,6.0,5.0,5.62,4.81,6.11,4.8,2023-07-07,
VN_QUANT_024,46,Male,Department Head,16.5,Master,Technology,Large (> 2000),Vietnam,2184,6.508220495722654,5.734050298973182,6.645387054384012,6.524343656593379,6.0,5.0,5.0,5.0,5.0,6.0,5.0,4.0,5.0,4.0,4.0,4.0,5.0,3.0,3.0,5.0,6.0,5.0,5.0,5.0,5.0,5.0,4.0,6.0,6.0,5.0,4.0,5.0,3.0,5.0,5.0,5.0,7.0,7.0,7.0,7.0,6.0,7.0,7.0,7.0,7.0,7.0,7.0,6.0,7.0,6.85,7.0,7.0,5.0,5.0,5.0,7.0,5.0,5.0,6.0,7.0,5.0,6.0,6.0,7.0,4.61,5.61,5.69,7.0,2023-09-25,
VN_QUANT_025,31,Female,Department Head,2.0,PhD,Manufacturing,Medium (500-2000),Vietnam,787,3.8761433934500396,4.281559625503742,3.9337446659389546,4.483982799045138,4.0,4.0,3.0,3.0,4.0,5.0,5.0,4.0,3.0,4.0,3.0,4.0,1.0,4.0,3.0,3.0,3.0,4.0,3.0,2.0,4.0,4.0,2.0,2.0,5.0,3.0,4.0,4.0,4.0,2.0,4.0,3.0,6.0,5.0,6.0,6.0,6.0,6.0,5.0,7.0,7.0,5.0,6.0,7.0,5.65,5.75,6.61,5.73,3.0,5.0,5.0,7.0,4.0,5.0,6.0,7.0,4.0,4.0,6.0,7.0,3.85,4.91,5.41,6.9,2023-06-28,
VN_QUANT_026,46,Male,Department Head,9.1,Master,Financial Services,Medium (500-2000),Vietnam,1585,3.226805575444894,3.8815342754235487,4.813578542895298,5.284321343370396,2.0,4.0,3.0,1.0,4.0,3.0,4.0,3.0,3.0,4.0,4.0,2.0,4.0,3.0,3.0,4.0,4.0,3.0,5.0,3.0,4.0,4.0,3.0,4.0,5.0,3.0,4.0,5.0,5.0,3.0,5.0,4.0,6.0,6.0,6.0,5.0,6.0,6.0,6.0,6.0,6.0,5.0,6.0,6.0,5.49,5.76,6.64,6.03,6.0,4.0,6.0,4.0,6.0,4.0,6.0,4.0,6.0,4.0,6.0,4.0,5.86,3.83,5.79,4.29,2023-07-20,
VN_QUANT_027,37,Male,Senior Executive,8.5,Bachelor,Other,Medium (500-2000),Vietnam,1382,4.254317614693894,3.752059099094872,4.739329693218855,3.7550316338653067,3.0,4.0,4.0,2.0,4.0,3.0,2.0,4.0,2.0,4.0,2.0,3.0,3.0,3.0,2.0,4.0,2.0,5.0,4.0,2.0,4.0,4.0,4.0,3.0,2.0,3.0,4.0,2.0,2.0,3.0,3.0,4.0,6.0,6.0,6.0,5.0,5.0,6.0,6.0,6.0,7.0,6.0,7.0,7.0,5.75,6.28,6.51,6.37,3.0,3.0,6.0,4.0,4.0,4.0,6.0,4.0,4.0,4.0,6.0,4.0,3.99,3.18,5.48,4.66,2023-07-09,
VN_QUANT_028,44,Male,Department Head,5.2,Bachelor,Technology,Large (> 2000),Vietnam,2506,3.9493480965432144,4.637200939522012,4.3082849971528745,4.1840830596807645,3.0,3.0,3.0,4.0,4.0,2.0,4.0,4.0,5.0,4.0,5.0,3.0,2.0,3.0,5.0,4.0,2.0,5.0,4.0,3.0,3.0,3.0,4.0,3.0,3.0,2.0,3.0,2.0,3.0,3.0,4.0,3.0,6.0,6.0,6.0,6.0,5.0,6.0,6.0,5.0,5.0,6.0,6.0,5.0,6.17,5.54,5.72,5.63,4.0,6.0,4.0,7.0,4.0,6.0,4.0,6.0,5.0,5.0,4.0,6.0,4.32,4.99,4.5,5.82,2023-06-02,
VN_QUANT_029,40,Female,Department Head,3.9,Bachelor,Retail,Medium (500-2000),Vietnam,1985,4.232567034336864,4.617875981560869,4.132039075780325,4.300992418588052,4.0,3.0,3.0,3.0,4.0,3.0,4.0,2.0,4.0,3.0,5.0,4.0,4.0,4.0,3.0,5.0,2.0,3.0,3.0,3.0,1.0,3.0,3.0,3.0,4.0,2.0,4.0,4.0,5.0,3.0,4.0,3.0,6.0,6.0,7.0,7.0,6.0,7.0,7.0,7.0,7.0,7.0,6.0,7.0,7.0,6.34,7.0,6.78,6.0,4.0,7.0,5.0,6.0,4.0,7.0,6.0,7.0,4.0,6.0,6.0,6.57,4.29,6.39,5.35,2023-07-07,
VN_QUANT_030,38,Male,Department Head,2.0,Master,Financial Services,Large (> 2000),Vietnam,6125,4.602613841998924,5.447759739486086,5.227087442917504,5.133157001472037,3.0,4.0,3.0,4.0,4.0,3.0,3.0,5.0,4.0,5.0,4.0,4.0,4.0,4.0,5.0,5.0,4.0,3.0,5.0,4.0,4.0,5.0,5.0,4.0,3.0,4.0,5.0,4.0,5.0,4.0,4.0,2.0,7.0,5.0,7.0,7.0,6.0,6.0,7.0,6.0,6.0,7.0,7.0,6.0,6.35,6.01,6.64,6.29,5.0,4.0,6.0,3.0,6.0,3.0,7.0,3.0,5.0,2.0,7.0,2.0,5.64,3.02,7.0,2.76,2023-09-09,
VN_QUANT_031,43,Male,Team Leader,8.0,PhD,Manufacturing,Large (> 2000),Vietnam,3932,4.592308266299183,6.034824702012397,6.025386195768119,6.457340865003539,4.0,3.0,4.0,3.0,3.0,3.0,3.0,3.0,4.0,5.0,4.0,4.0,6.0,3.0,4.0,5.0,4.0,5.0,5.0,5.0,4.0,5.0,4.0,5.0,6.0,3.0,5.0,6.0,5.0,5.0,5.0,5.0,7.0,5.0,7.0,6.0,5.0,7.0,7.0,6.0,7.0,7.0,5.0,7.0,6.49,5.78,7.0,6.44,3.0,5.0,6.0,5.0,3.0,4.0,6.0,5.0,4.0,5.0,6.0,5.0,3.5,4.85,6.05,4.78,2023-09-23,
VN_QUANT_032,36,Female,Senior Executive,4.9,PhD,Manufacturing,Medium (500-2000),Vietnam,1435,3.2249480722260557,4.70888752914767,3.8731294611856386,4.2176399706997625,3.0,2.0,3.0,2.0,2.0,2.0,2.0,2.0,3.0,4.0,3.0,3.0,4.0,3.0,4.0,4.0,4.0,4.0,3.0,3.0,4.0,3.0,4.0,4.0,4.0,3.0,4.0,4.0,3.0,2.0,3.0,5.0,7.0,7.0,7.0,7.0,6.0,7.0,7.0,7.0,7.0,7.0,6.0,7.0,6.75,6.65,7.0,6.85,5.0,5.0,6.0,7.0,5.0,6.0,5.0,7.0,5.0,5.0,6.0,6.0,4.99,5.52,6.07,6.23,2023-08-05,
VN_QUANT_033,47,Male,Team Leader,6.9,Master,Retail,Medium (500-2000),Vietnam,530,4.551892963972127,5.791478725357434,5.855128568769334,5.352562682597418,4.0,3.0,4.0,5.0,4.0,4.0,3.0,4.0,5.0,4.0,3.0,3.0,4.0,5.0,4.0,5.0,4.0,5.0,4.0,5.0,5.0,5.0,4.0,4.0,6.0,4.0,5.0,3.0,4.0,6.0,3.0,4.0,7.0,6.0,7.0,7.0,7.0,7.0,7.0,7.0,7.0,6.0,7.0,6.0,7.0,6.84,7.0,7.0,5.0,4.0,7.0,6.0,5.0,4.0,7.0,6.0,5.0,4.0,7.0,5.0,4.83,4.01,7.0,5.61,2023-06-19,
VN_QUANT_034,48,Male,Senior Executive,3.1,Master,Manufacturing,Medium (500-2000),Vietnam,1816,4.969543103536957,5.204885551328754,4.827408594599144,6.032642506761891,3.0,4.0,4.0,4.0,3.0,3.0,5.0,4.0,4.0,5.0,4.0,5.0,4.0,3.0,4.0,4.0,4.0,4.0,3.0,5.0,3.0,4.0,2.0,3.0,6.0,3.0,5.0,5.0,5.0,4.0,4.0,4.0,7.0,6.0,7.0,7.0,7.0,7.0,7.0,7.0,7.0,7.0,7.0,7.0,7.0,6.83,7.0,7.0,4.0,6.0,7.0,5.0,5.0,5.0,7.0,4.0,5.0,5.0,7.0,4.0,4.59,5.57,7.0,4.57,2023-08-08,
VN_QUANT_035,35,Male,Department Head,6.2,Master,Other,Medium (500-2000),Vietnam,1696,4.830634302530795,3.983371200917271,4.674342887664812,6.139096611845235,3.0,4.0,5.0,5.0,4.0,5.0,2.0,4.0,3.0,3.0,2.0,3.0,4.0,2.0,4.0,4.0,4.0,4.0,5.0,5.0,3.0,5.0,4.0,5.0,5.0,5.0,4.0,4.0,5.0,4.0,5.0,5.0,6.0,6.0,7.0,6.0,7.0,7.0,7.0,6.0,7.0,7.0,6.0,7.0,6.63,6.29,7.0,6.74,5.0,4.0,5.0,6.0,4.0,6.0,6.0,5.0,4.0,4.0,6.0,5.0,4.62,4.77,5.64,4.94,2023-07-14,
VN_QUANT_036,38,Male,Senior Executive,7.4,Master,Manufacturing,Small (< 500),Vietnam,151,4.232001184631398,6.303565763182734,5.652530121645989,6.526992635729705,2.0,3.0,3.0,3.0,2.0,3.0,3.0,3.0,5.0,5.0,4.0,4.0,6.0,5.0,6.0,4.0,4.0,5.0,5.0,4.0,4.0,4.0,3.0,4.0,5.0,5.0,4.0,5.0,6.0,5.0,4.0,5.0,7.0,7.0,6.0,7.0,6.0,7.0,7.0,7.0,7.0,7.0,7.0,7.0,7.0,6.83,7.0,7.0,7.0,3.0,5.0,4.0,6.0,3.0,6.0,5.0,7.0,3.0,5.0,6.0,6.44,2.84,5.15,5.28,2023-06-13,
VN_QUANT_037,36,Male,Senior Executive,6.2,Master,Technology,Large (> 2000),Vietnam,7247,5.712915531107194,6.033920258783659,5.055360376940742,5.978307641161324,4.0,4.0,3.0,5.0,5.0,5.0,4.0,5.0,6.0,5.0,5.0,4.0,5.0,3.0,4.0,6.0,4.0,4.0,4.0,4.0,3.0,5.0,3.0,3.0,5.0,3.0,5.0,6.0,3.0,4.0,4.0,6.0,7.0,7.0,7.0,7.0,7.0,6.0,7.0,7.0,7.0,7.0,7.0,7.0,6.89,6.9,6.89,7.0,7.0,4.0,6.0,7.0,7.0,5.0,7.0,7.0,7.0,5.0,6.0,6.0,7.0,4.42,6.19,7.0,2023-06-22,
VN_QUANT_038,42,Male,Department Head,5.2,Bachelor,Manufacturing,Large (> 2000),Vietnam,6181,5.109191033922102,6.169844932609132,3.8176591858021,4.474097753476709,4.0,5.0,4.0,4.0,3.0,4.0,4.0,3.0,5.0,6.0,4.0,4.0,6.0,4.0,4.0,5.0,4.0,4.0,5.0,3.0,4.0,4.0,3.0,4.0,4.0,4.0,3.0,3.0,4.0,3.0,3.0,4.0,7.0,6.0,7.0,6.0,6.0,7.0,6.0,7.0,6.0,6.0,7.0,7.0,6.56,6.43,7.0,6.44,6.0,3.0,6.0,5.0,5.0,2.0,6.0,6.0,5.0,2.0,6.0,5.0,4.95,2.23,5.94,5.54,2023-09-24,
VN_QUANT_039,49,Male,Senior Executive,9.1,Master,Retail,Medium (500-2000),Vietnam,1838,5.1121251243122305,5.842809754091386,4.644201555064928,5.83441790890862,4.0,5.0,4.0,5.0,3.0,4.0,3.0,3.0,4.0,4.0,5.0,5.0,5.0,5.0,4.0,6.0,4.0,4.0,4.0,2.0,3.0,4.0,4.0,4.0,3.0,6.0,4.0,4.0,5.0,4.0,5.0,5.0,7.0,7.0,7.0,7.0,7.0,6.0,7.0,7.0,7.0,7.0,7.0,7.0,6.98,6.93,7.0,7.0,5.0,4.0,6.0,4.0,5.0,5.0,6.0,5.0,6.0,5.0,6.0,5.0,5.18,4.35,6.67,4.78,2023-06-07,
VN_QUANT_040,26,Male,Team Leader,2.8,Bachelor,Manufacturing,Medium (500-2000),Vietnam,527,5.527654367311294,5.360164848121752,6.345920918622767,6.781170877006639,5.0,5.0,4.0,4.0,5.0,4.0,5.0,3.0,4.0,4.0,4.0,4.0,5.0,3.0,5.0,3.0,6.0,7.0,4.0,5.0,5.0,6.0,5.0,4.0,6.0,5.0,5.0,4.0,5.0,6.0,7.0,7.0,7.0,6.0,7.0,7.0,7.0,7.0,6.0,7.0,7.0,7.0,7.0,7.0,7.0,6.76,7.0,7.0,3.0,2.0,5.0,6.0,4.0,3.0,6.0,7.0,4.0,3.0,6.0,6.0,3.5,2.98,5.8,7.0,2023-06-02,
VN_QUANT_041,28,Female,Department Head,2.0,Bachelor,Technology,Small (< 500),Vietnam,171,5.004477691877395,6.018412037211725,4.135556438424063,6.122741987961948,4.0,4.0,3.0,4.0,5.0,5.0,2.0,4.0,4.0,4.0,6.0,5.0,4.0,5.0,6.0,4.0,4.0,3.0,4.0,3.0,3.0,3.0,2.0,3.0,3.0,5.0,3.0,3.0,6.0,5.0,4.0,6.0,7.0,7.0,7.0,7.0,7.0,6.0,7.0,7.0,7.0,7.0,6.0,7.0,6.72,6.38,7.0,6.57,6.0,5.0,5.0,6.0,7.0,4.0,6.0,6.0,7.0,5.0,6.0,7.0,6.86,4.19,5.87,6.08,2023-08-01,
VN_QUANT_042,38,Male,Senior Executive,9.3,Master,Retail,Medium (500-2000),Vietnam,1774,6.268027002278376,5.423932759157722,5.867772861496331,4.642702502209101,5.0,5.0,5.0,5.0,5.0,6.0,3.0,5.0,5.0,6.0,4.0,3.0,5.0,5.0,5.0,5.0,6.0,6.0,4.0,4.0,5.0,5.0,3.0,4.0,2.0,4.0,3.0,5.0,3.0,5.0,2.0,4.0,7.0,7.0,7.0,7.0,7.0,7.0,7.0,7.0,7.0,7.0,7.0,6.0,6.8,6.93,7.0,7.0,4.0,5.0,5.0,5.0,4.0,5.0,5.0,4.0,4.0,4.0,4.0,6.0,4.28,4.68,4.94,4.69,2023-09-26,
VN_QUANT_043,40,Female,Team Leader,6.8,Master,Manufacturing,Large (> 2000),Vietnam,4620,4.150433509951052,4.41211393521056,3.540667249595523,4.64130359363108,3.0,3.0,5.0,5.0,3.0,2.0,3.0,4.0,5.0,4.0,3.0,4.0,3.0,4.0,3.0,3.0,2.0,2.0,3.0,2.0,2.0,3.0,5.0,3.0,4.0,4.0,3.0,5.0,3.0,5.0,3.0,3.0,4.0,4.0,5.0,6.0,5.0,5.0,6.0,5.0,5.0,6.0,5.0,6.0,5.42,5.01,5.9,5.29,4.0,3.0,7.0,5.0,4.0,3.0,7.0,6.0,4.0,3.0,6.0,5.0,4.53,3.41,6.72,5.52,2023-08-17,
VN_QUANT_044,32,Male,Department Head,3.7,Master,Healthcare,Large (> 2000),Vietnam,8546,4.604276069878595,5.645932399608674,4.0263971666445455,5.784425669326134,2.0,4.0,3.0,2.0,4.0,2.0,2.0,4.0,3.0,4.0,4.0,4.0,4.0,4.0,5.0,4.0,5.0,3.0,2.0,2.0,4.0,3.0,3.0,3.0,5.0,4.0,6.0,5.0,5.0,3.0,3.0,4.0,7.0,6.0,7.0,7.0,7.0,7.0,7.0,6.0,7.0,7.0,7.0,7.0,7.0,6.22,7.0,6.63,6.0,6.0,5.0,5.0,6.0,6.0,5.0,6.0,6.0,6.0,6.0,6.0,5.87,5.69,5.23,5.31,2023-08-28,
VN_QUANT_045,40,Male,Senior Executive,9.3,Bachelor,Retail,Medium (500-2000),Vietnam,1182,4.148181950910947,4.143016013805546,4.25619155253201,5.016770329703349,2.0,3.0,3.0,4.0,3.0,3.0,3.0,3.0,3.0,3.0,3.0,3.0,3.0,2.0,3.0,4.0,4.0,3.0,3.0,5.0,3.0,5.0,2.0,2.0,3.0,3.0,4.0,3.0,4.0,4.0,4.0,3.0,6.0,6.0,7.0,6.0,6.0,7.0,6.0,6.0,7.0,7.0,7.0,7.0,6.43,6.38,7.0,6.64,5.0,3.0,5.0,6.0,6.0,2.0,4.0,6.0,6.0,3.0,4.0,6.0,5.31,3.08,4.73,6.05,2023-08-29,
VN_QUANT_046,33,Female,Senior Executive,6.3,Master,Healthcare,Medium (500-2000),Vietnam,1966,4.434842959252711,5.632246469647968,5.217037189169765,7.0,4.0,4.0,4.0,3.0,4.0,3.0,3.0,4.0,5.0,5.0,6.0,4.0,5.0,4.0,4.0,4.0,5.0,4.0,4.0,3.0,5.0,4.0,3.0,4.0,7.0,4.0,5.0,6.0,5.0,4.0,4.0,5.0,7.0,7.0,7.0,7.0,6.0,7.0,7.0,6.0,7.0,7.0,7.0,7.0,7.0,6.97,7.0,7.0,5.0,1.0,3.0,4.0,5.0,1.0,2.0,4.0,5.0,2.0,4.0,4.0,5.6,1.86,3.41,4.24,2023-06-05,
VN_QUANT_047,36,Male,Team Leader,5.2,Master,Healthcare,Large (> 2000),Vietnam,6367,4.596169526693929,4.9050563075242986,5.7027468375111,5.397113472553693,3.0,4.0,3.0,3.0,5.0,3.0,4.0,3.0,4.0,6.0,4.0,4.0,5.0,4.0,5.0,4.0,6.0,4.0,5.0,4.0,4.0,5.0,4.0,3.0,6.0,4.0,3.0,4.0,4.0,5.0,4.0,4.0,7.0,6.0,7.0,7.0,7.0,7.0,7.0,6.0,7.0,7.0,7.0,7.0,7.0,7.0,7.0,7.0,6.0,4.0,6.0,5.0,5.0,5.0,5.0,4.0,5.0,3.0,6.0,5.0,5.75,3.97,5.71,4.31,2023-06-20,
VN_QUANT_048,49,Male,Department Head,4.7,Bachelor,Healthcare,Medium (500-2000),Vietnam,1336,5.125927186465896,4.1347522118781415,4.618964952058522,4.3624949645539255,5.0,4.0,4.0,4.0,5.0,4.0,3.0,4.0,4.0,2.0,4.0,4.0,3.0,4.0,1.0,3.0,4.0,4.0,3.0,2.0,5.0,6.0,3.0,2.0,4.0,4.0,1.0,2.0,4.0,3.0,2.0,3.0,7.0,7.0,6.0,7.0,7.0,6.0,6.0,7.0,7.0,6.0,7.0,6.0,6.57,6.49,6.56,6.36,5.0,6.0,5.0,6.0,5.0,5.0,4.0,5.0,5.0,5.0,5.0,5.0,4.99,5.37,5.16,5.24,2023-07-24,
VN_QUANT_049,36,Male,Team Leader,2.0,Master,Manufacturing,Small (< 500),Vietnam,349,4.439262804694788,5.141717115639866,4.907751227982388,5.867417190658082,4.0,4.0,3.0,5.0,4.0,3.0,5.0,2.0,4.0,3.0,5.0,4.0,3.0,4.0,5.0,5.0,3.0,4.0,5.0,3.0,4.0,5.0,5.0,3.0,5.0,5.0,3.0,5.0,5.0,4.0,4.0,3.0,7.0,7.0,7.0,6.0,6.0,6.0,6.0,6.0,6.0,7.0,6.0,6.0,6.54,6.05,6.7,6.45,5.0,3.0,5.0,5.0,7.0,4.0,6.0,5.0,6.0,4.0,6.0,5.0,5.97,3.98,5.59,4.62,2023-08-15,
VN_QUANT_050,36,Male,Department Head,8.1,Bachelor,Manufacturing,Medium (500-2000),Vietnam,612,5.786744781217912,5.655746765229074,5.650939447855043,4.3344193472771915,4.0,5.0,5.0,4.0,5.0,3.0,5.0,3.0,5.0,4.0,4.0,5.0,5.0,5.0,5.0,5.0,4.0,5.0,3.0,3.0,4.0,4.0,5.0,4.0,4.0,3.0,2.0,4.0,3.0,2.0,2.0,4.0,7.0,7.0,6.0,7.0,7.0,7.0,7.0,7.0,6.0,6.0,7.0,7.0,6.65,6.81,6.97,6.39,2.0,3.0,5.0,7.0,3.0,3.0,5.0,6.0,3.0,3.0,6.0,7.0,3.12,3.41,5.36,6.52,2023-08-02,
VN_QUANT_051,40,Female,Department Head,4.3,Master,Other,Medium (500-2000),Vietnam,1917,5.1857055423048575,6.269979819951843,4.842957358781631,6.356947637028849,5.0,5.0,4.0,3.0,4.0,4.0,3.0,5.0,5.0,5.0,4.0,5.0,5.0,4.0,3.0,6.0,4.0,5.0,4.0,4.0,5.0,4.0,3.0,2.0,5.0,5.0,4.0,5.0,3.0,4.0,6.0,3.0,7.0,7.0,7.0,7.0,6.0,7.0,6.0,6.0,7.0,7.0,6.0,7.0,6.94,6.64,7.0,7.0,6.0,3.0,6.0,4.0,6.0,2.0,6.0,4.0,7.0,2.0,6.0,4.0,6.8,2.35,5.47,4.47,2023-07-06,
VN_QUANT_052,47,Male,Department Head,12.1,Master,Retail,Small (< 500),Vietnam,480,4.4651447797040245,4.680796576472731,5.760435994244046,5.256593268414001,3.0,3.0,3.0,3.0,4.0,5.0,4.0,5.0,3.0,4.0,3.0,2.0,5.0,4.0,3.0,3.0,5.0,5.0,5.0,3.0,4.0,5.0,4.0,3.0,4.0,4.0,4.0,4.0,4.0,3.0,3.0,4.0,7.0,7.0,7.0,7.0,6.0,7.0,7.0,6.0,7.0,7.0,7.0,6.0,6.88,6.56,6.77,6.78,4.0,3.0,5.0,7.0,5.0,4.0,5.0,7.0,4.0,3.0,5.0,7.0,4.8,3.43,5.06,7.0,2023-09-03,
VN_QUANT_053,39,Male,Department Head,2.5,Bachelor,Financial Services,Small (< 500),Vietnam,68,5.7048068013628,4.283921298395104,4.4732601051171414,5.46223897604199,5.0,5.0,4.0,5.0,4.0,4.0,4.0,5.0,4.0,3.0,2.0,3.0,4.0,2.0,2.0,4.0,4.0,4.0,4.0,4.0,4.0,3.0,3.0,2.0,4.0,4.0,4.0,4.0,5.0,5.0,4.0,5.0,7.0,7.0,7.0,6.0,7.0,6.0,6.0,7.0,7.0,6.0,6.0,6.0,6.35,6.47,7.0,6.26,6.0,3.0,5.0,6.0,6.0,4.0,6.0,5.0,6.0,4.0,5.0,5.0,5.96,2.86,5.13,5.35,2023-08-20,
VN_QUANT_054,35,Female,Team Leader,2.8,Bachelor,Technology,Small (< 500),Vietnam,389,5.006944890762196,5.102060013421037,5.5186284146975995,4.804157457612764,4.0,5.0,4.0,3.0,5.0,4.0,4.0,4.0,5.0,6.0,3.0,4.0,4.0,3.0,5.0,4.0,4.0,5.0,5.0,3.0,4.0,4.0,3.0,3.0,4.0,2.0,3.0,4.0,4.0,3.0,4.0,4.0,7.0,5.0,7.0,7.0,5.0,6.0,7.0,5.0,6.0,6.0,6.0,6.0,6.86,5.52,6.44,6.17,5.0,4.0,6.0,6.0,6.0,5.0,5.0,6.0,5.0,4.0,6.0,5.0,5.54,4.24,4.95,5.63,2023-06-16,
VN_QUANT_055,43,Female,Team Leader,9.7,Bachelor,Financial Services,Medium (500-2000),Vietnam,1104,6.034206462480516,5.6057659823986565,4.947040403905377,5.164175758587901,3.0,7.0,4.0,6.0,5.0,5.0,5.0,5.0,5.0,4.0,2.0,4.0,3.0,5.0,3.0,4.0,3.0,4.0,2.0,3.0,3.0,3.0,5.0,4.0,4.0,4.0,4.0,3.0,3.0,3.0,4.0,4.0,7.0,7.0,7.0,7.0,7.0,7.0,7.0,7.0,7.0,7.0,7.0,7.0,7.0,6.89,7.0,7.0,3.0,4.0,6.0,7.0,2.0,5.0,6.0,6.0,3.0,4.0,6.0,6.0,2.8,4.33,5.62,5.85,2023-07-27,
VN_QUANT_056,45,Female,Team Leader,13.6,Bachelor,Technology,Medium (500-2000),Vietnam,964,4.813343107004302,4.821340968289377,5.309273390101228,5.151612080781158,4.0,5.0,4.0,3.0,4.0,4.0,4.0,4.0,2.0,4.0,3.0,4.0,4.0,5.0,4.0,3.0,4.0,5.0,4.0,4.0,4.0,5.0,6.0,5.0,4.0,4.0,3.0,4.0,3.0,4.0,4.0,4.0,7.0,6.0,7.0,7.0,6.0,7.0,7.0,7.0,7.0,7.0,6.0,7.0,6.74,6.1,7.0,6.33,5.0,4.0,4.0,6.0,6.0,3.0,5.0,5.0,5.0,3.0,4.0,6.0,5.24,3.05,4.77,5.43,2023-08-03,
VN_QUANT_057,48,Male,Department Head,8.4,Bachelor,Technology,Medium (500-2000),Vietnam,1190,4.555376828512156,5.423635670012031,4.643542163218363,5.5081781980006825,4.0,5.0,3.0,3.0,4.0,3.0,3.0,2.0,4.0,5.0,5.0,4.0,6.0,5.0,5.0,4.0,4.0,3.0,4.0,5.0,4.0,3.0,3.0,4.0,5.0,4.0,4.0,6.0,5.0,4.0,4.0,4.0,7.0,6.0,7.0,6.0,7.0,7.0,7.0,7.0,7.0,7.0,6.0,7.0,7.0,6.34,7.0,6.9,2.0,3.0,7.0,6.0,2.0,4.0,6.0,6.0,3.0,3.0,7.0,6.0,2.68,3.67,6.93,6.68,2023-06-10,
VN_QUANT_058,39,Female,Senior Executive,10.5,Bachelor,Technology,Medium (500-2000),Vietnam,1510,5.196809250394775,5.850534605494782,5.037125172717608,5.06100622503906,4.0,4.0,5.0,5.0,4.0,5.0,5.0,4.0,5.0,4.0,5.0,5.0,4.0,4.0,4.0,5.0,4.0,3.0,5.0,3.0,4.0,4.0,4.0,4.0,3.0,3.0,4.0,4.0,3.0,3.0,5.0,4.0,7.0,7.0,7.0,7.0,6.0,6.0,7.0,6.0,7.0,7.0,7.0,7.0,7.0,6.44,7.0,7.0,5.0,6.0,6.0,5.0,5.0,6.0,5.0,5.0,5.0,5.0,6.0,6.0,5.54,5.45,5.79,5.65,2023-09-07,
VN_QUANT_059,29,Female,Team Leader,2.0,Master,Financial Services,Medium (500-2000),Vietnam,509,5.650185023287861,6.028641758613317,4.861034047560834,5.632126324083985,5.0,4.0,4.0,4.0,5.0,4.0,5.0,5.0,5.0,6.0,6.0,4.0,3.0,5.0,4.0,6.0,4.0,4.0,3.0,4.0,2.0,3.0,3.0,4.0,4.0,4.0,4.0,5.0,5.0,5.0,5.0,4.0,7.0,7.0,7.0,7.0,7.0,7.0,7.0,7.0,7.0,7.0,7.0,7.0,7.0,7.0,7.0,7.0,5.0,4.0,5.0,5.0,5.0,3.0,4.0,5.0,6.0,4.0,5.0,5.0,5.24,3.57,4.42,4.98,2023-09-26,64bd5dbaf7dac15f
VN_QUANT_060,43,Female,Team Leader,4.1,Bachelor,Financial Services,Large (> 2000),Vietnam,7310,6.149327685724163,6.5609669550224625,5.069180160679956,6.061967627822407,4.0,5.0,5.0,4.0,5.0,5.0,5.0,5.0,6.0,5.0,5.0,5.0,5.0,4.0,5.0,6.0,4.0,5.0,4.0,3.0,4.0,4.0,4.0,4.0,5.0,7.0,5.0,3.0,5.0,5.0,6.0,4.0,7.0,7.0,7.0,7.0,7.0,7.0,7.0,7.0,6.0,7.0,7.0,7.0,6.85,7.0,7.0,7.0,3.0,3.0,6.0,4.0,3.0,4.0,6.0,5.0,3.0,4.0,6.0,4.0,3.59,3.55,6.0,4.13,2023-09-05,
VN_QUANT_061,45,Female,Team Leader,3.1,Bachelor,Financial Services,Small (< 500),Vietnam,449,5.283864324392826,6.125688546329835,5.6197428822554025,6.127329448264432,3.0,5.0,4.0,4.0,4.0,4.0,4.0,4.0,6.0,4.0,5.0,5.0,5.0,4.0,5.0,5.0,4.0,5.0,5.0,4.0,4.0,4.0,3.0,4.0,7.0,5.0,3.0,5.0,4.0,5.0,4.0,6.0,7.0,7.0,7.0,7.0,7.0,7.0,7.0,7.0,7.0,7.0,7.0,7.0,6.78,7.0,7.0,7.0,5.0,5.0,5.0,6.0,6.0,5.0,5.0,6.0,5.0,4.0,5.0,7.0,5.21,4.19,4.99,5.89,2023-09-10,
VN_QUANT_062,40,Female,Department Head,8.4,Bachelor,Financial Services,Medium (500-2000),Vietnam,1513,5.765463062660877,6.57589593185045,5.6334341222675475,6.047554715309848,5.0,6.0,4.0,4.0,5.0,5.0,5.0,5.0,6.0,7.0,5.0,5.0,5.0,3.0,6.0,5.0,4.0,4.0,4.0,4.0,3.0,5.0,3.0,5.0,5.0,4.0,4.0,5.0,5.0,3.0,3.0,5.0,7.0,6.0,7.0,7.0,6.0,7.0,6.0,6.0,7.0,6.0,6.0,7.0,6.5,6.54,7.0,7.0,4.0,3.0,7.0,7.0,5.0,4.0,7.0,6.0,5.0,3.0,7.0,7.0,4.48,2.59,6.74,6.41,2023-09-07,
VN_QUANT_063,49,Female,Department Head,9.6,Bachelor,Retail,Large (> 2000),Vietnam,6020,4.177430855969228,4.761083984454395,4.391074395123523,4.692787191477141,3.0,3.0,3.0,4.0,4.0,2.0,4.0,3.0,5.0,4.0,6.0,3.0,5.0,5.0,3.0,4.0,5.0,4.0,4.0,3.0,4.0,2.0,2.0,4.0,4.0,3.0,3.0,4.0,4.0,3.0,5.0,4.0,6.0,6.0,7.0,6.0,5.0,6.0,6.0,6.0,7.0,7.0,6.0,7.0,6.58,6.1,6.48,6.16,5.0,4.0,5.0,3.0,5.0,5.0,4.0,4.0,4.0,5.0,5.0,4.0,4.82,4.95,5.25,4.23,2023-07-21,
VN_QUANT_064,44,Male,Team Leader,6.3,Master,Manufacturing,Medium (500-2000),Vietnam,662,4.8014085624936635,5.743979680224854,5.514270126044275,4.890845170585745,4.0,3.0,5.0,5.0,4.0,4.0,5.0,5.0,5.0,4.0,5.0,4.0,3.0,6.0,5.0,5.0,6.0,5.0,4.0,5.0,5.0,4.0,5.0,4.0,5.0,3.0,3.0,3.0,3.0,4.0,4.0,4.0,6.0,7.0,7.0,6.0,7.0,7.0,7.0,7.0,7.0,7.0,6.0,7.0,6.71,6.95,7.0,6.42,2.0,4.0,7.0,5.0,2.0,4.0,7.0,5.0,3.0,2.0,7.0,5.0,2.15,3.59,7.0,5.12,2023-06-27,
VN_QUANT_065,53,Male,Team Leader,12.7,Master,Financial Services,Large (> 2000),Vietnam,3635,5.407368957265366,5.033436577687764,4.376040162381679,4.667564103945732,3.0,5.0,4.0,5.0,5.0,4.0,5.0,4.0,4.0,5.0,3.0,4.0,2.0,2.0,5.0,5.0,4.0,4.0,3.0,4.0,4.0,4.0,4.0,2.0,5.0,4.0,2.0,4.0,5.0,4.0,2.0,3.0,6.0,6.0,6.0,6.0,6.0,6.0,7.0,6.0,7.0,6.0,6.0,7.0,6.15,5.85,7.0,6.07,3.0,3.0,7.0,5.0,4.0,3.0,6.0,7.0,4.0,3.0,6.0,7.0,3.64,2.84,6.7,6.47,2023-06-07,
VN_QUANT_066,46,Female,Team Leader,7.2,Bachelor,Retail,Medium (500-2000),Vietnam,1198,5.049591386053223,6.0563116896073605,5.288749955408317,6.300412106022005,3.0,3.0,4.0,4.0,5.0,3.0,3.0,4.0,5.0,5.0,5.0,4.0,6.0,3.0,4.0,5.0,5.0,4.0,5.0,4.0,2.0,3.0,5.0,4.0,4.0,5.0,7.0,4.0,5.0,5.0,4.0,5.0,7.0,7.0,7.0,6.0,6.0,7.0,7.0,7.0,6.0,7.0,7.0,7.0,7.0,6.87,7.0,7.0,5.0,4.0,7.0,4.0,5.0,5.0,7.0,5.0,5.0,4.0,7.0,5.0,4.13,4.54,7.0,4.65,2023-08-30,
VN_QUANT_067,25,Male,Department Head,2.0,Master,Retail,Small (< 500),Vietnam,344,4.9705330164594015,3.756445643013668,4.970515385483431,4.560376492472931,4.0,4.0,5.0,4.0,4.0,5.0,3.0,5.0,2.0,2.0,3.0,3.0,2.0,4.0,2.0,3.0,3.0,4.0,6.0,2.0,4.0,5.0,4.0,4.0,4.0,3.0,4.0,4.0,3.0,4.0,4.0,3.0,7.0,6.0,7.0,7.0,6.0,7.0,6.0,7.0,7.0,7.0,6.0,7.0,6.68,6.68,7.0,6.83,3.0,3.0,5.0,4.0,4.0,3.0,6.0,5.0,4.0,3.0,6.0,5.0,3.75,3.51,5.89,4.64,2023-07-11,
VN_QUANT_068,36,Male,Team Leader,4.8,PhD,Technology,Medium (500-2000),Vietnam,1078,4.128094692554072,5.253306595497299,5.002792962958957,5.496002675994017,3.0,4.0,4.0,3.0,5.0,4.0,4.0,4.0,5.0,3.0,4.0,3.0,4.0,3.0,4.0,3.0,5.0,6.0,4.0,3.0,3.0,4.0,3.0,3.0,5.0,4.0,5.0,5.0,5.0,4.0,4.0,4.0,6.0,6.0,6.0,6.0,6.0,6.0,6.0,5.0,6.0,6.0,6.0,6.0,6.31,5.83,6.04,6.01,4.0,3.0,7.0,6.0,4.0,4.0,7.0,5.0,5.0,3.0,5.0,6.0,4.42,3.12,6.42,5.35,2023-09-26,
VN_QUANT_069,27,Male,Department Head,2.0,PhD,Retail,Medium (500-2000),Vietnam,1596,4.981229221135796,4.742102628034345,6.168340506933532,5.7937992193198795,4.0,5.0,3.0,3.0,3.0,3.0,4.0,4.0,3.0,4.0,5.0,4.0,5.0,5.0,3.0,3.0,6.0,4.0,3.0,6.0,4.0,4.0,4.0,5.0,5.0,5.0,5.0,3.0,4.0,5.0,5.0,5.0,7.0,7.0,7.0,7.0,7.0,7.0,7.0,7.0,7.0,7.0,7.0,6.0,6.97,6.62,7.0,7.0,5.0,5.0,6.0,6.0,5.0,5.0,6.0,7.0,4.0,4.0,5.0,7.0,4.26,4.07,5.81,6.82,2023-08-15,
VN_QUANT_070,34,Female,Department Head,5.8,Bachelor,Financial Services,Small (< 500),Vietnam,281,5.039121505880917,5.341036639691754,3.9557517607532535,4.688475280055111,4.0,5.0,4.0,4.0,4.0,4.0,3.0,3.0,3.0,3.0,4.0,4.0,4.0,5.0,4.0,5.0,3.0,4.0,3.0,3.0,3.0,3.0,2.0,3.0,3.0,3.0,3.0,4.0,3.0,4.0,2.0,4.0,7.0,7.0,7.0,7.0,7.0,7.0,7.0,7.0,7.0,7.0,7.0,7.0,7.0,6.83,7.0,6.96,6.0,5.0,6.0,6.0,5.0,4.0,6.0,6.0,5.0,4.0,5.0,7.0,5.33,5.05,5.88,6.42,2023-09-18,
VN_QUANT_071,36,Male,Department Head,8.5,Master,Retail,Medium (500-2000),Vietnam,1200,3.739653555111282,3.7533228602226303,3.0898642162016787,3.9222911340090203,2.0,2.0,2.0,2.0,3.0,2.0,2.0,3.0,5.0,4.0,2.0,4.0,2.0,3.0,2.0,2.0,2.0,1.0,4.0,3.0,1.0,3.0,3.0,2.0,2.0,3.0,3.0,3.0,2.0,3.0,3.0,2.0,6.0,6.0,6.0,5.0,6.0,7.0,6.0,6.0,7.0,6.0,6.0,6.0,6.09,6.61,6.61,6.27,2.0,4.0,7.0,7.0,2.0,4.0,6.0,7.0,2.0,3.0,6.0,6.0,1.99,3.59,6.91,6.82,2023-09-05,
VN_QUANT_072,46,Female,Team Leader,6.8,Bachelor,Technology,Large (> 2000),Vietnam,3585,4.90925463052583,4.124504467915703,5.206302466880327,5.133951253694715,3.0,3.0,5.0,4.0,3.0,2.0,5.0,4.0,3.0,2.0,5.0,3.0,4.0,4.0,3.0,2.0,4.0,4.0,4.0,5.0,2.0,6.0,5.0,4.0,3.0,4.0,6.0,4.0,2.0,4.0,4.0,5.0,7.0,7.0,7.0,7.0,6.0,6.0,7.0,6.0,7.0,7.0,7.0,7.0,6.52,6.49,7.0,6.65,7.0,3.0,7.0,4.0,7.0,3.0,6.0,4.0,7.0,2.0,7.0,4.0,7.0,3.03,6.5,4.51,2023-06-13,
VN_QUANT_073,36,Male,Department Head,7.9,Bachelor,Financial Services,Small (< 500),Vietnam,358,4.672193705613499,6.83822554148406,5.397913876702824,6.372489395961989,3.0,4.0,4.0,4.0,4.0,5.0,4.0,2.0,6.0,6.0,4.0,6.0,5.0,5.0,6.0,6.0,5.0,4.0,3.0,4.0,4.0,7.0,3.0,3.0,5.0,3.0,5.0,5.0,5.0,5.0,4.0,6.0,7.0,7.0,7.0,7.0,7.0,7.0,7.0,7.0,7.0,7.0,6.0,7.0,7.0,7.0,7.0,7.0,4.0,2.0,6.0,5.0,5.0,2.0,5.0,5.0,4.0,2.0,7.0,6.0,4.32,1.75,5.72,4.84,2023-09-25,
VN_QUANT_074,27,Male,Department Head,2.0,Bachelor,Financial Services,Small (< 500),Vietnam,361,5.086897881304198,6.508401374704719,6.344117235182981,5.76544871114616,4.0,2.0,5.0,4.0,5.0,3.0,3.0,4.0,6.0,7.0,5.0,5.0,5.0,5.0,5.0,5.0,5.0,6.0,6.0,6.0,5.0,4.0,4.0,6.0,5.0,3.0,4.0,4.0,5.0,4.0,4.0,4.0,7.0,7.0,6.0,7.0,7.0,7.0,7.0,6.0,7.0,7.0,7.0,7.0,7.0,7.0,7.0,7.0,6.0,2.0,7.0,5.0,5.0,2.0,7.0,5.0,4.0,2.0,7.0,5.0,4.66,2.55,6.99,5.32,2023-08-05,0acddf937cbcb666
VN_QUANT_075,49,Male,Department Head,16.3,Bachelor,Retail,Medium (500-2000),Vietnam,801,4.642139910951454,4.198445158399838,4.686592697889673,5.202002730903956,4.0,4.0,2.0,5.0,3.0,4.0,3.0,4.0,4.0,4.0,4.0,3.0,4.0,4.0,2.0,3.0,4.0,5.0,3.0,3.0,3.0,4.0,2.0,4.0,5.0,3.0,4.0,3.0,4.0,4.0,3.0,7.0,7.0,7.0,7.0,7.0,6.0,7.0,7.0,7.0,7.0,7.0,7.0,7.0,6.69,6.52,7.0,6.91,5.0,3.0,5.0,5.0,5.0,3.0,6.0,5.0,6.0,4.0,7.0,5.0,5.65,3.52,6.7,5.19,2023-06-03,
VN_QUANT_076,34,Male,Senior Executive,5.5,Bachelor,Manufacturing,Medium (500-2000),Vietnam,1831,4.8318403408529464,6.499432927577667,5.540585306905002,6.5544851166320885,4.0,5.0,4.0,3.0,4.0,5.0,3.0,2.0,6.0,2.0,4.0,4.0,4.0,6.0,5.0,4.0,4.0,6.0,5.0,5.0,3.0,6.0,4.0,4.0,5.0,5.0,6.0,6.0,4.0,4.0,4.0,4.0,7.0,7.0,7.0,7.0,7.0,7.0,7.0,7.0,7.0,7.0,7.0,6.0,7.0,7.0,7.0,7.0,7.0,2.0,6.0,5.0,7.0,3.0,7.0,5.0,6.0,3.0,7.0,5.0,6.91,2.69,7.0,4.72,2023-06-11,
VN_QUANT_077,37,Male,Team Leader,8.6,Master,Financial Services,Large (> 2000),Vietnam,4171,4.7366465820430665,4.233005558356307,4.2435175411498385,4.956108046651463,4.0,3.0,4.0,4.0,5.0,3.0,4.0,4.0,4.0,4.0,3.0,3.0,3.0,4.0,2.0,2.0,2.0,4.0,3.0,3.0,3.0,3.0,3.0,4.0,4.0,2.0,4.0,3.0,3.0,2.0,3.0,4.0,6.0,6.0,7.0,6.0,6.0,7.0,5.0,5.0,7.0,6.0,5.0,7.0,5.99,5.56,6.71,6.06,5.0,4.0,7.0,7.0,4.0,3.0,7.0,7.0,5.0,3.0,7.0,7.0,4.35,3.3,6.9,5.98,2023-06-05,
VN_QUANT_078,29,Female,Department Head,2.0,Master,Healthcare,Large (> 2000),Vietnam,8812,4.185426535577588,3.72998806642402,2.865931815904663,5.073868862967492,2.0,4.0,2.0,3.0,2.0,5.0,5.0,4.0,1.0,3.0,2.0,3.0,2.0,5.0,3.0,3.0,2.0,3.0,2.0,2.0,3.0,2.0,2.0,3.0,3.0,3.0,4.0,3.0,3.0,4.0,4.0,4.0,6.0,6.0,7.0,6.0,5.0,6.0,6.0,5.0,6.0,6.0,6.0,6.0,5.77,5.58,6.14,5.77,6.0,5.0,7.0,4.0,6.0,6.0,6.0,3.0,7.0,6.0,6.0,3.0,5.76,5.93,5.48,3.87,2023-07-30,
VN_QUANT_079,50,Female,Department Head,10.7,Master,Healthcare,Large (> 2000),Vietnam,9428,5.25221287051373,5.721681752848724,5.439524171810917,5.402128609801144,4.0,5.0,5.0,5.0,5.0,4.0,4.0,4.0,4.0,5.0,4.0,3.0,5.0,5.0,4.0,5.0,4.0,3.0,4.0,6.0,4.0,5.0,3.0,3.0,4.0,4.0,3.0,3.0,5.0,4.0,3.0,5.0,7.0,6.0,6.0,7.0,7.0,7.0,7.0,7.0,7.0,7.0,7.0,7.0,7.0,7.0,7.0,7.0,4.0,6.0,6.0,7.0,3.0,5.0,4.0,6.0,5.0,5.0,6.0,5.0,4.26,5.23,5.39,5.65,2023-06-02,
VN_QUANT_080,51,Female,Team Leader,16.7,Bachelor,Retail,Medium (500-2000),Vietnam,694,5.636673671482427,4.258895705372324,3.436056301607909,4.7103021809495775,5.0,4.0,4.0,5.0,5.0,4.0,4.0,3.0,1.0,3.0,3.0,3.0,3.0,4.0,3.0,5.0,3.0,4.0,3.0,3.0,2.0,3.0,2.0,2.0,6.0,3.0,4.0,4.0,5.0,3.0,3.0,5.0,6.0,7.0,7.0,7.0,7.0,7.0,7.0,7.0,7.0,7.0,7.0,7.0,6.9,6.88,7.0,6.84,7.0,3.0,5.0,7.0,5.0,3.0,5.0,7.0,6.0,4.0,5.0,6.0,6.03,3.18,5.42,7.0,2023-09-18,
VN_QUANT_081,38,Male,Senior Executive,3.1,Bachelor,Technology,Small (< 500),Vietnam,379,5.0119162778185,4.880059044572381,3.742945886875389,5.272922301513399,5.0,4.0,3.0,4.0,3.0,3.0,4.0,4.0,3.0,5.0,4.0,3.0,3.0,5.0,4.0,4.0,2.0,2.0,3.0,2.0,4.0,2.0,2.0,1.0,5.0,5.0,3.0,5.0,2.0,4.0,2.0,4.0,7.0,7.0,7.0,7.0,7.0,7.0,7.0,6.0,7.0,7.0,7.0,7.0,7.0,6.94,7.0,7.0,6.0,4.0,7.0,6.0,7.0,4.0,7.0,6.0,7.0,4.0,6.0,5.0,5.77,4.14,6.5,5.58,2023-08-31,
VN_QUANT_082,28,Male,Department Head,2.5,Bachelor,Healthcare,Medium (500-2000),Vietnam,850,4.5032570190791015,5.6521964467506685,6.038502471436328,4.410907021933134,4.0,3.0,3.0,4.0,3.0,3.0,3.0,4.0,4.0,5.0,4.0,4.0,3.0,5.0,5.0,4.0,4.0,4.0,5.0,5.0,4.0,6.0,5.0,3.0,3.0,4.0,3.0,3.0,3.0,4.0,4.0,3.0,7.0,7.0,7.0,6.0,7.0,7.0,7.0,6.0,7.0,7.0,7.0,7.0,6.64,6.47,7.0,6.98,4.0,3.0,7.0,4.0,4.0,3.0,7.0,4.0,3.0,2.0,7.0,5.0,3.83,2.92,7.0,4.67,2023-08-16,
VN_QUANT_083,37,Male,Department Head,4.4,Bachelor,Other,Large (> 2000),Vietnam,7962,5.090519036250908,5.619486353018246,5.775815193700046,5.196010166309289,4.0,5.0,4.0,4.0,4.0,2.0,3.0,3.0,5.0,4.0,5.0,6.0,5.0,4.0,5.0,4.0,5.0,5.0,4.0,3.0,5.0,5.0,3.0,5.0,5.0,3.0,4.0,3.0,3.0,4.0,4.0,4.0,6.0,6.0,7.0,6.0,7.0,6.0,7.0,6.0,7.0,7.0,6.0,7.0,6.79,6.41,7.0,6.74,6.0,6.0,7.0,4.0,6.0,5.0,7.0,5.0,5.0,6.0,7.0,4.0,5.64,5.56,6.75,4.22,2023-09-18,
VN_QUANT_084,41,Male,Team Leader,7.2,PhD,Retail,Large (> 2000),Vietnam,7887,4.942480851816156,5.75640945889565,5.6197977406444615,7.0,3.0,5.0,3.0,5.0,4.0,3.0,5.0,4.0,4.0,6.0,5.0,3.0,4.0,5.0,5.0,3.0,5.0,4.0,6.0,3.0,4.0,5.0,4.0,4.0,7.0,5.0,4.0,4.0,5.0,6.0,6.0,4.0,7.0,6.0,7.0,7.0,7.0,7.0,7.0,7.0,7.0,7.0,7.0,7.0,6.96,6.6,7.0,7.0,3.0,5.0,4.0,6.0,3.0,5.0,5.0,6.0,4.0,4.0,4.0,6.0,3.43,4.07,4.51,5.86,2023-09-07,
VN_QUANT_085,34,Male,Team Leader,2.0,Master,Retail,Large (> 2000),Vietnam,6007,4.073654208644779,4.917699768204517,4.707299808077059,5.021508669584114,3.0,4.0,3.0,4.0,3.0,4.0,3.0,3.0,4.0,5.0,4.0,4.0,2.0,4.0,3.0,4.0,4.0,5.0,4.0,3.0,3.0,4.0,3.0,3.0,5.0,3.0,4.0,4.0,4.0,3.0,4.0,4.0,7.0,7.0,7.0,7.0,6.0,7.0,7.0,7.0,7.0,7.0,7.0,7.0,6.96,6.21,7.0,6.67,5.0,5.0,5.0,6.0,5.0,4.0,5.0,7.0,4.0,5.0,4.0,7.0,4.18,5.05,5.16,7.0,2023-09-12,
VN_QUANT_086,57,Female,Department Head,19.1,PhD,Financial Services,Medium (500-2000),Vietnam,988,5.442850424624421,5.6992867352861465,4.590096077906778,6.496244728483338,4.0,4.0,4.0,6.0,5.0,3.0,4.0,4.0,4.0,4.0,4.0,5.0,4.0,3.0,4.0,5.0,3.0,4.0,3.0,2.0,2.0,4.0,3.0,4.0,6.0,5.0,5.0,5.0,4.0,6.0,5.0,5.0,7.0,7.0,7.0,7.0,6.0,6.0,7.0,7.0,7.0,7.0,7.0,7.0,6.67,6.78,7.0,6.68,4.0,3.0,6.0,5.0,3.0,3.0,6.0,6.0,4.0,3.0,6.0,5.0,3.53,3.21,6.41,5.71,2023-08-03,
VN_QUANT_087,53,Male,Team Leader,19.4,Master,Manufacturing,Medium (500-2000),Vietnam,699,5.444843944450292,6.568342959469931,6.256594062849878,6.1606732729925255,5.0,6.0,3.0,4.0,5.0,4.0,4.0,4.0,6.0,6.0,5.0,4.0,6.0,6.0,6.0,6.0,5.0,4.0,3.0,4.0,3.0,5.0,5.0,4.0,6.0,4.0,6.0,4.0,5.0,5.0,4.0,4.0,7.0,7.0,7.0,7.0,7.0,7.0,7.0,6.0,7.0,7.0,7.0,7.0,7.0,7.0,7.0,7.0,5.0,7.0,6.0,5.0,5.0,5.0,7.0,5.0,6.0,5.0,7.0,6.0,5.0,5.6,6.91,5.16,2023-06-13,
VN_QUANT_088,26,Male,Department Head,2.0,Bachelor,Financial Services,Medium (500-2000),Vietnam,1383,4.6964852255118466,6.006960042928465,4.721446753924093,4.828171917801136,4.0,4.0,4.0,4.0,4.0,3.0,3.0,5.0,6.0,5.0,5.0,4.0,5.0,3.0,5.0,6.0,4.0,5.0,4.0,2.0,3.0,5.0,2.0,2.0,4.0,4.0,3.0,4.0,5.0,4.0,4.0,6.0,7.0,6.0,6.0,7.0,7.0,7.0,7.0,6.0,7.0,7.0,6.0,7.0,7.0,6.8,7.0,7.0,6.0,4.0,6.0,5.0,6.0,4.0,5.0,6.0,6.0,4.0,6.0,5.0,6.1,3.56,6.08,4.74,2023-07-24,
VN_QUANT_089,30,Female,Department Head,2.3,Bachelor,Technology,Small (< 500),Vietnam,435,5.097153257487353,4.316721029776666,5.01752945448113,5.273011789877909,3.0,5.0,5.0,4.0,5.0,3.0,5.0,5.0,4.0,2.0,3.0,4.0,3.0,4.0,3.0,4.0,6.0,4.0,3.0,5.0,4.0,3.0,2.0,3.0,5.0,3.0,3.0,3.0,3.0,4.0,4.0,4.0,6.0,7.0,7.0,7.0,7.0,7.0,7.0,7.0,7.0,7.0,6.0,7.0,7.0,6.65,7.0,6.96,4.0,1.0,6.0,4.0,4.0,3.0,7.0,4.0,3.0,3.0,7.0,4.0,3.63,2.23,7.0,4.02,2023-06-12,
VN_QUANT_090,42,Male,Department Head,4.8,Master,Technology,Medium (500-2000),Vietnam,945,4.658389794333756,6.266321562302329,6.1745280538387695,5.439163693790908,4.0,5.0,5.0,4.0,4.0,4.0,5.0,3.0,6.0,6.0,3.0,5.0,4.0,4.0,3.0,4.0,5.0,5.0,5.0,6.0,4.0,4.0,3.0,6.0,4.0,4.0,4.0,3.0,4.0,3.0,2.0,4.0,7.0,7.0,7.0,7.0,7.0,7.0,7.0,7.0,7.0,7.0,7.0,7.0,7.0,7.0,7.0,7.0,5.0,4.0,4.0,6.0,6.0,4.0,4.0,5.0,5.0,4.0,5.0,6.0,5.44,3.83,4.1,5.77,2023-06-18,
VN_QUANT_091,31,Female,Department Head,4.7,Bachelor,Healthcare,Medium (500-2000),Vietnam,579,5.506416184983761,6.3826613632442815,5.685235693612644,5.61231858901701,6.0,5.0,4.0,5.0,5.0,3.0,3.0,5.0,5.0,5.0,5.0,3.0,4.0,5.0,5.0,5.0,4.0,5.0,5.0,3.0,4.0,6.0,4.0,4.0,4.0,3.0,5.0,4.0,4.0,4.0,2.0,4.0,7.0,7.0,7.0,7.0,7.0,7.0,7.0,7.0,7.0,7.0,7.0,7.0,7.0,7.0,7.0,7.0,5.0,3.0,6.0,3.0,6.0,3.0,6.0,4.0,5.0,3.0,5.0,4.0,4.73,3.31,5.61,3.9,2023-06-18,
VN_QUANT_092,40,Female,Team Leader,9.7,Master,Manufacturing,Large (> 2000),Vietnam,6840,3.8477400003327342,4.228958587072816,3.6747162926762305,5.301792515212076,2.0,3.0,3.0,3.0,2.0,3.0,3.0,2.0,4.0,5.0,4.0,3.0,4.0,2.0,4.0,4.0,3.0,1.0,6.0,4.0,2.0,3.0,2.0,3.0,4.0,3.0,3.0,4.0,6.0,3.0,4.0,4.0,7.0,6.0,6.0,6.0,6.0,6.0,5.0,6.0,6.0,6.0,6.0,6.0,5.93,5.71,6.17,5.57,4.0,5.0,7.0,7.0,4.0,5.0,7.0,6.0,4.0,5.0,6.0,7.0,3.87,5.01,7.0,6.42,2023-06-17,
VN_QUANT_093,39,Male,Department Head,5.8,Master,Retail,Medium (500-2000),Vietnam,1197,4.650168132481315,5.598139468035594,6.024707221147335,5.833868850945816,4.0,3.0,2.0,3.0,5.0,3.0,4.0,3.0,6.0,6.0,4.0,5.0,2.0,4.0,3.0,5.0,3.0,6.0,4.0,5.0,5.0,4.0,4.0,5.0,4.0,4.0,4.0,4.0,4.0,5.0,3.0,4.0,7.0,6.0,7.0,7.0,7.0,7.0,7.0,7.0,7.0,7.0,7.0,7.0,7.0,6.88,7.0,7.0,5.0,4.0,6.0,6.0,4.0,3.0,6.0,6.0,5.0,3.0,6.0,6.0,4.54,3.38,6.11,6.13,2023-07-09,
VN_QUANT_094,39,Male,Department Head,12.7,Bachelor,Manufacturing,Large (> 2000),Vietnam,5688,5.996450372223396,5.633104702684107,5.760718766271371,5.885468632639177,5.0,4.0,5.0,6.0,6.0,5.0,6.0,5.0,3.0,5.0,5.0,4.0,3.0,4.0,4.0,5.0,3.0,5.0,6.0,4.0,3.0,5.0,5.0,5.0,5.0,3.0,5.0,5.0,5.0,3.0,4.0,5.0,7.0,6.0,7.0,7.0,7.0,7.0,6.0,7.0,6.0,7.0,7.0,6.0,7.0,7.0,6.85,7.0,6.0,5.0,5.0,5.0,6.0,4.0,5.0,6.0,6.0,4.0,6.0,6.0,5.64,4.54,5.08,5.28,2023-08-25,
VN_QUANT_095,47,Female,Department Head,9.0,Master,Financial Services,Medium (500-2000),Vietnam,1992,4.23057522832743,4.761132132326884,5.72143033114323,5.02049637237515,3.0,2.0,3.0,5.0,3.0,3.0,4.0,3.0,5.0,4.0,4.0,4.0,3.0,3.0,3.0,5.0,6.0,5.0,4.0,3.0,5.0,5.0,5.0,4.0,3.0,2.0,4.0,3.0,4.0,3.0,4.0,4.0,7.0,7.0,7.0,7.0,7.0,7.0,7.0,6.0,7.0,7.0,7.0,7.0,6.71,6.94,7.0,6.8,6.0,2.0,6.0,6.0,6.0,3.0,7.0,7.0,6.0,3.0,6.0,6.0,6.03,3.32,6.51,6.15,2023-06-13,
VN_QUANT_096,53,Male,Team Leader,12.6,Master,Healthcare,Small (< 500),Vietnam,374,3.3271208762699245,4.121577104464597,3.739498093833669,4.857698034501037,2.0,3.0,3.0,2.0,2.0,2.0,5.0,3.0,2.0,2.0,3.0,4.0,1.0,3.0,3.0,3.0,3.0,4.0,4.0,1.0,4.0,1.0,4.0,4.0,4.0,3.0,4.0,4.0,4.0,4.0,3.0,4.0,6.0,6.0,6.0,6.0,6.0,6.0,6.0,6.0,5.0,6.0,6.0,6.0,5.49,5.45,5.47,5.55,5.0,2.0,5.0,6.0,6.0,2.0,6.0,6.0,5.0,3.0,6.0,6.0,5.34,3.15,5.92,5.67,2023-07-15,
VN_QUANT_097,42,Male,Team Leader,7.3,Bachelor,Retail,Small (< 500),Vietnam,491,5.467906202655135,5.743737794812754,5.141604686617807,5.666015825882548,4.0,3.0,3.0,5.0,5.0,3.0,4.0,4.0,5.0,5.0,5.0,5.0,4.0,5.0,6.0,4.0,4.0,4.0,5.0,4.0,4.0,5.0,4.0,3.0,5.0,3.0,4.0,4.0,5.0,6.0,4.0,5.0,7.0,7.0,7.0,7.0,7.0,7.0,7.0,6.0,7.0,7.0,6.0,7.0,7.0,6.9,7.0,7.0,4.0,4.0,6.0,6.0,5.0,4.0,5.0,7.0,5.0,5.0,5.0,4.0,4.96,4.0,5.38,6.14,2023-09-10,
VN_QUANT_098,30,Female,Team Leader,4.1,Master,Technology,Small (< 500),Vietnam,468,4.593644743807563,3.9446863284414873,4.471345708155945,6.6430383085984905,3.0,5.0,5.0,4.0,2.0,3.0,4.0,3.0,3.0,3.0,3.0,4.0,2.0,3.0,4.0,3.0,4.0,3.0,3.0,3.0,1.0,3.0,2.0,3.0,4.0,4.0,4.0,5.0,5.0,4.0,5.0,6.0,6.0,6.0,6.0,6.0,7.0,6.0,6.0,6.0,7.0,6.0,6.0,7.0,6.57,5.97,6.7,6.28,5.0,5.0,4.0,7.0,5.0,5.0,4.0,6.0,5.0,5.0,4.0,6.0,5.03,4.53,4.39,6.39,2023-09-25,
VN_QUANT_099,40,Male,Senior Executive,6.0,Bachelor,Manufacturing,Medium (500-2000),Vietnam,1153,3.9225043390643863,3.595911399688239,5.167891044472664,4.719777457564718,3.0,4.0,2.0,3.0,4.0,2.0,3.0,4.0,3.0,3.0,3.0,5.0,3.0,2.0,2.0,2.0,4.0,4.0,4.0,4.0,3.0,5.0,5.0,3.0,4.0,3.0,3.0,4.0,4.0,5.0,3.0,5.0,5.0,6.0,7.0,5.0,6.0,6.0,5.0,6.0,7.0,5.0,6.0,6.0,5.28,5.69,6.22,5.59,3.0,1.0,6.0,5.0,3.0,2.0,7.0,5.0,3.0,3.0,6.0,5.0,4.2,2.44,6.43,5.24,2023-06-19,
VN_QUANT_100,34,Male,Department Head,6.0,Master,Financial Services,Small (< 500),Vietnam,448,5.170064042895672,5.204586892546233,5.271481868837394,5.571005568845524,5.0,4.0,4.0,6.0,6.0,4.0,3.0,4.0,4.0,4.0,4.0,5.0,3.0,4.0,4.0,4.0,4.0,5.0,4.0,4.0,4.0,4.0,3.0,4.0,3.0,4.0,2.0,3.0,4.0,5.0,3.0,5.0,7.0,7.0,7.0,7.0,7.0,7.0,6.0,6.0,7.0,7.0,6.0,7.0,7.0,6.8,7.0,7.0,6.0,5.0,5.0,4.0,5.0,5.0,4.0,3.0,6.0,5.0,5.0,4.0,5.11,4.92,4.82,4.2,2023-08-27,
VN_QUANT_101,54,Female,Team Leader,14.1,Bachelor,Technology,Medium (500-2000),Vietnam,1401,6.12212066770265,6.496826630741542,6.318659717211028,5.776256976815449,4.0,5.0,4.0,4.0,5.0,6.0,5.0,4.0,5.0,7.0,5.0,5.0,4.0,5.0,5.0,6.0,6.0,5.0,5.0,4.0,5.0,6.0,4.0,3.0,5.0,6.0,5.0,4.0,3.0,4.0,3.0,4.0,7.0,7.0,7.0,7.0,7.0,7.0,7.0,6.0,7.0,7.0,7.0,7.0,7.0,6.56,7.0,7.0,4.0,6.0,6.0,7.0,4.0,5.0,6.0,6.0,3.0,5.0,7.0,7.0,3.38,4.94,7.0,7.0,2023-06-19,
VN_QUANT_102,44,Female,Team Leader,5.4,Bachelor,Manufacturing,Large (> 2000),Vietnam,6367,5.105222052934231,4.829042346400141,5.896145575731086,4.867279982374908,4.0,5.0,6.0,4.0,4.0,4.0,5.0,5.0,4.0,5.0,5.0,4.0,3.0,2.0,4.0,3.0,5.0,6.0,6.0,4.0,4.0,5.0,4.0,4.0,4.0,3.0,4.0,3.0,4.0,2.0,2.0,4.0,7.0,7.0,7.0,7.0,6.0,7.0,7.0,5.0,7.0,7.0,6.0,6.0,6.62,6.28,7.0,6.71,4.0,4.0,3.0,5.0,6.0,4.0,5.0,5.0,5.0,4.0,5.0,5.0,4.87,3.7,4.2,5.29,2023-06-21,
VN_QUANT_103,42,Male,Team Leader,7.3,Master,Financial Services,Large (> 2000),Vietnam,7462,4.763559958037037,4.301281700230186,4.367075413750216,4.688028430661764,5.0,4.0,4.0,4.0,4.0,5.0,4.0,4.0,3.0,5.0,3.0,3.0,4.0,4.0,3.0,3.0,3.0,5.0,3.0,3.0,4.0,3.0,3.0,4.0,4.0,4.0,5.0,4.0,4.0,3.0,3.0,3.0,6.0,5.0,6.0,7.0,6.0,6.0,6.0,5.0,7.0,7.0,6.0,7.0,6.47,5.62,6.45,5.79,7.0,3.0,6.0,5.0,7.0,4.0,6.0,5.0,6.0,4.0,6.0,5.0,6.87,3.81,5.85,5.07,2023-06-24,
VN_QUANT_104,44,Male,Department Head,5.8,Bachelor,Manufacturing,Large (> 2000),Vietnam,4171,4.7464439171652195,4.5827075692490995,5.648152574366497,4.959675212235654,4.0,5.0,4.0,5.0,5.0,4.0,2.0,3.0,2.0,3.0,4.0,3.0,3.0,3.0,4.0,3.0,3.0,5.0,5.0,6.0,4.0,3.0,5.0,5.0,4.0,5.0,5.0,4.0,3.0,3.0,3.0,4.0,6.0,6.0,7.0,7.0,6.0,7.0,7.0,6.0,7.0,7.0,7.0,7.0,7.0,6.37,7.0,6.81,5.0,2.0,6.0,7.0,5.0,1.0,6.0,6.0,5.0,2.0,6.0,7.0,4.52,1.35,6.48,5.94,2023-06-30,
VN_QUANT_105,39,Male,Team Leader,8.3,Master,Retail,Small (< 500),Vietnam,272,4.388397836705781,5.5001009346235445,6.626238373393101,5.484610058390142,3.0,3.0,3.0,5.0,4.0,3.0,2.0,3.0,5.0,6.0,4.0,3.0,5.0,2.0,4.0,4.0,4.0,7.0,6.0,3.0,5.0,4.0,4.0,5.0,4.0,5.0,3.0,3.0,5.0,5.0,3.0,3.0,7.0,6.0,7.0,7.0,7.0,7.0,7.0,7.0,7.0,7.0,7.0,7.0,7.0,7.0,7.0,6.81,6.0,6.0,5.0,4.0,6.0,6.0,5.0,5.0,6.0,6.0,5.0,6.0,6.23,5.8,4.88,5.31,2023-08-31,
VN_QUANT_106,48,Male,Department Head,14.9,Master,Other,Medium (500-2000),Vietnam,1185,4.659555066924637,4.659136590262269,5.253270735197626,5.866522665978355,4.0,4.0,4.0,3.0,4.0,4.0,4.0,3.0,3.0,3.0,3.0,3.0,4.0,3.0,4.0,5.0,5.0,4.0,5.0,4.0,4.0,3.0,4.0,3.0,4.0,4.0,4.0,4.0,3.0,4.0,3.0,4.0,7.0,6.0,7.0,7.0,6.0,7.0,7.0,6.0,6.0,6.0,7.0,7.0,6.67,6.47,6.91,6.48,6.0,5.0,5.0,5.0,6.0,4.0,5.0,5.0,6.0,4.0,5.0,4.0,5.74,3.68,5.16,4.24,2023-07-18,
VN_QUANT_107,35,Female,Department Head,8.0,Bachelor,Technology,Medium (500-2000),Vietnam,1151,4.846404654663519,4.979337832406147,5.32652182153773,5.689665430305117,3.0,4.0,1.0,3.0,3.0,4.0,3.0,3.0,3.0,5.0,3.0,4.0,3.0,3.0,4.0,4.0,5.0,5.0,4.0,4.0,3.0,5.0,3.0,4.0,4.0,5.0,3.0,4.0,4.0,5.0,5.0,4.0,7.0,6.0,7.0,6.0,6.0,6.0,7.0,6.0,7.0,7.0,6.0,7.0,6.79,6.24,6.92,6.54,7.0,6.0,7.0,5.0,6.0,4.0,7.0,5.0,6.0,5.0,7.0,5.0,6.58,5.08,6.57,4.31,2023-07-05,
VN_QUANT_108,46,Female,Senior Executive,13.4,Master,Other,Large (> 2000),Vietnam,6392,6.350799918856466,5.790507737753679,6.193170621346029,6.16895365118694,5.0,4.0,5.0,6.0,5.0,4.0,5.0,5.0,4.0,5.0,3.0,4.0,4.0,4.0,6.0,5.0,4.0,5.0,6.0,5.0,5.0,6.0,6.0,5.0,6.0,6.0,4.0,4.0,3.0,5.0,4.0,4.0,6.0,7.0,7.0,6.0,7.0,7.0,7.0,7.0,7.0,7.0,7.0,7.0,6.5,6.91,7.0,7.0,2.0,3.0,5.0,4.0,2.0,4.0,5.0,4.0,2.0,2.0,5.0,4.0,1.56,3.39,4.94,4.61,2023-09-18,
VN_QUANT_109,51,Female,Team Leader,7.7,Master,Healthcare,Small (< 500),Vietnam,168,3.259777049964029,5.486761044062751,4.977363772495117,5.640911216498151,2.0,2.0,3.0,3.0,3.0,3.0,3.0,3.0,3.0,4.0,4.0,4.0,4.0,5.0,5.0,6.0,3.0,3.0,5.0,4.0,3.0,4.0,4.0,4.0,6.0,5.0,3.0,4.0,4.0,4.0,6.0,4.0,5.0,5.0,6.0,6.0,6.0,6.0,7.0,5.0,6.0,7.0,6.0,6.0,6.15,5.85,6.35,5.78,6.0,4.0,7.0,6.0,7.0,4.0,7.0,5.0,5.0,4.0,7.0,5.0,5.19,4.0,7.0,5.86,2023-09-25,
VN_QUANT_110,33,Male,Department Head,4.6,Bachelor,Healthcare,Medium (500-2000),Vietnam,1286,5.7795384655689555,6.231295094989388,4.943859548440086,6.232500753065295,5.0,4.0,5.0,5.0,3.0,5.0,4.0,4.0,5.0,5.0,5.0,4.0,7.0,5.0,6.0,5.0,4.0,5.0,4.0,5.0,4.0,3.0,5.0,3.0,5.0,6.0,4.0,3.0,4.0,5.0,5.0,5.0,7.0,7.0,7.0,7.0,7.0,7.0,7.0,7.0,6.0,7.0,7.0,7.0,7.0,6.92,7.0,7.0,5.0,4.0,6.0,5.0,6.0,5.0,5.0,5.0,6.0,4.0,6.0,5.0,5.65,4.52,5.85,4.8,2023-07-29,
VN_QUANT_111,41,Male,Department Head,3.2,Master,Retail,Medium (500-2000),Vietnam,1599,5.3568327251781405,4.317833392248303,6.037718901111482,5.132130567863929,6.0,4.0,5.0,5.0,4.0,6.0,4.0,4.0,4.0,2.0,3.0,3.0,3.0,4.0,2.0,4.0,6.0,6.0,4.0,5.0,7.0,5.0,3.0,4.0,3.0,3.0,3.0,4.0,3.0,5.0,2.0,3.0,6.0,6.0,7.0,7.0,6.0,7.0,7.0,6.0,7.0,7.0,7.0,7.0,7.0,6.42,7.0,6.86,6.0,4.0,6.0,7.0,5.0,4.0,5.0,6.0,6.0,4.0,5.0,7.0,5.88,3.54,5.42,6.44,2023-09-10,
VN_QUANT_112,42,Male,Department Head,12.8,Master,Retail,Medium (500-2000),Vietnam,1120,5.8258335567965345,5.556778077256098,5.023803252946047,5.709299337828484,6.0,4.0,4.0,4.0,4.0,4.0,4.0,4.0,5.0,5.0,5.0,4.0,4.0,5.0,4.0,4.0,4.0,4.0,5.0,3.0,3.0,3.0,3.0,4.0,4.0,4.0,5.0,4.0,4.0,4.0,5.0,5.0,7.0,7.0,7.0,6.0,7.0,7.0,7.0,7.0,7.0,7.0,7.0,6.0,7.0,6.82,7.0,7.0,5.0,2.0,7.0,5.0,6.0,2.0,7.0,5.0,6.0,2.0,7.0,5.0,6.32,2.43,7.0,5.35,2023-06-17,
VN_QUANT_113,31,Male,Senior Executive,2.1,Master,Financial Services,Large (> 2000),Vietnam,3654,6.8844210822583225,7.0,6.139044042944826,7.0,7.0,5.0,6.0,6.0,5.0,6.0,6.0,5.0,5.0,6.0,7.0,5.0,5.0,4.0,6.0,6.0,4.0,5.0,5.0,5.0,5.0,6.0,5.0,4.0,7.0,5.0,4.0,6.0,5.0,5.0,4.0,5.0,7.0,7.0,7.0,7.0,7.0,6.0,6.0,7.0,7.0,7.0,6.0,7.0,7.0,6.78,6.96,7.0,6.0,4.0,4.0,5.0,5.0,4.0,5.0,5.0,6.0,4.0,5.0,7.0,5.77,3.87,4.85,5.42,2023-07-18,
VN_QUANT_114,28,Male,Department Head,2.4,Master,Technology,Small (< 500),Vietnam,418,4.91196526255046,6.853113416700475,6.472866290577574,6.460487306913422,3.0,4.0,3.0,4.0,4.0,3.0,4.0,4.0,7.0,7.0,6.0,7.0,5.0,6.0,4.0,5.0,5.0,6.0,5.0,5.0,5.0,5.0,6.0,4.0,6.0,4.0,6.0,5.0,5.0,5.0,4.0,6.0,7.0,7.0,7.0,7.0,7.0,7.0,7.0,6.0,7.0,7.0,6.0,7.0,6.87,6.71,6.91,7.0,6.0,3.0,7.0,6.0,5.0,3.0,7.0,5.0,5.0,2.0,7.0,6.0,5.26,2.59,7.0,5.56,2023-09-06,
VN_QUANT_115,32,Male,Department Head,2.0,Master,Manufacturing,Medium (500-2000),Vietnam,1781,4.966499131912658,5.82484583338903,5.629476476770554,5.038795258259638,3.0,3.0,3.0,3.0,4.0,5.0,3.0,4.0,5.0,5.0,4.0,4.0,4.0,3.0,5.0,5.0,4.0,4.0,5.0,4.0,5.0,5.0,5.0,4.0,4.0,4.0,3.0,3.0,4.0,3.0,3.0,4.0,7.0,7.0,7.0,7.0,6.0,7.0,7.0,6.0,6.0,7.0,7.0,7.0,7.0,6.6,7.0,7.0,4.0,3.0,5.0,5.0,3.0,5.0,6.0,4.0,3.0,3.0,4.0,4.0,3.95,3.14,4.92,4.46,2023-07-25,
VN_QUANT_116,39,Male,Department Head,4.2,PhD,Manufacturing,Large (> 2000),Vietnam,5603,5.085344587432633,4.941712552808556,4.607517004663831,6.258317732798512,4.0,4.0,3.0,4.0,4.0,5.0,4.0,4.0,3.0,4.0,3.0,4.0,5.0,5.0,4.0,4.0,4.0,5.0,5.0,4.0,4.0,3.0,5.0,4.0,5.0,5.0,6.0,5.0,5.0,3.0,5.0,5.0,7.0,7.0,7.0,7.0,7.0,6.0,6.0,7.0,7.0,7.0,7.0,6.0,6.75,7.0,7.0,7.0,3.0,3.0,6.0,7.0,3.0,3.0,7.0,7.0,3.0,3.0,7.0,7.0,2.91,3.37,6.93,6.78,2023-06-09,
VN_QUANT_117,42,Female,Senior Executive,2.1,Master,Other,Medium (500-2000),Vietnam,850,5.081523851463786,5.237448857809998,4.166869997654695,4.77347616421745,4.0,5.0,4.0,4.0,6.0,3.0,3.0,4.0,4.0,4.0,3.0,4.0,4.0,4.0,5.0,4.0,5.0,3.0,3.0,3.0,4.0,3.0,4.0,2.0,3.0,4.0,3.0,3.0,3.0,4.0,4.0,3.0,7.0,7.0,6.0,7.0,7.0,7.0,7.0,7.0,7.0,7.0,6.0,7.0,7.0,6.77,6.71,6.78,7.0,4.0,7.0,5.0,6.0,4.0,7.0,6.0,6.0,4.0,6.0,5.0,6.47,4.08,7.0,5.81,2023-08-16,
VN_QUANT_118,36,Female,Department Head,9.3,Bachelor,Manufacturing,Medium (500-2000),Vietnam,1800,4.834123902274686,6.564278435577843,4.756908640292731,5.865665933652822,2.0,5.0,5.0,4.0,4.0,5.0,4.0,3.0,7.0,5.0,5.0,4.0,5.0,5.0,5.0,4.0,4.0,4.0,5.0,3.0,3.0,3.0,4.0,4.0,5.0,4.0,5.0,4.0,4.0,5.0,4.0,4.0,7.0,7.0,7.0,7.0,7.0,7.0,7.0,7.0,7.0,7.0,7.0,7.0,6.84,6.99,6.88,7.0,4.0,3.0,6.0,5.0,5.0,4.0,5.0,5.0,4.0,5.0,6.0,5.0,4.33,3.36,5.71,5.33,2023-06-14,
VN_QUANT_119,54,Male,Senior Executive,10.0,Master,Other,Small (< 500),Vietnam,304,5.272692142408109,6.591518426460717,5.675545820074207,6.343182126808156,4.0,5.0,6.0,3.0,4.0,5.0,4.0,3.0,6.0,4.0,5.0,6.0,6.0,4.0,5.0,6.0,5.0,4.0,5.0,4.0,3.0,5.0,4.0,4.0,5.0,7.0,3.0,5.0,5.0,6.0,4.0,5.0,7.0,6.0,7.0,7.0,6.0,7.0,6.0,6.0,7.0,7.0,6.0,7.0,7.0,6.29,7.0,7.0,4.0,3.0,6.0,6.0,5.0,2.0,4.0,5.0,5.0,2.0,5.0,5.0,4.61,2.78,5.7,4.97,2023-06-26,
VN_QUANT_120,47,Male,Team Leader,13.0,Bachelor,Technology,Large (> 2000),Vietnam,3287,6.001172819985366,5.166032329041819,5.938866927903668,4.733166281741985,6.0,5.0,5.0,6.0,6.0,6.0,5.0,4.0,4.0,5.0,4.0,3.0,3.0,5.0,4.0,4.0,4.0,6.0,5.0,3.0,3.0,4.0,3.0,3.0,4.0,5.0,2.0,3.0,3.0,4.0,4.0,4.0,7.0,6.0,7.0,7.0,7.0,7.0,7.0,6.0,6.0,7.0,6.0,7.0,6.48,6.49,7.0,6.76,7.0,4.0,5.0,5.0,6.0,4.0,5.0,6.0,6.0,5.0,6.0,4.0,6.0,4.19,5.54,4.95,2023-07-22,
VN_QUANT_121,42,Female,Department Head,8.2,Master,Financial Services,Large (> 2000),Vietnam,4726,4.950342208149427,5.183058118128061,4.520868781342274,6.006993453697862,5.0,4.0,3.0,4.0,5.0,5.0,4.0,4.0,5.0,4.0,3.0,5.0,4.0,3.0,3.0,4.0,5.0,4.0,3.0,4.0,3.0,3.0,2.0,4.0,5.0,4.0,5.0,4.0,4.0,5.0,3.0,4.0,7.0,7.0,7.0,7.0,6.0,7.0,7.0,7.0,7.0,6.0,7.0,7.0,6.91,7.0,7.0,6.77,5.0,4.0,5.0,4.0,5.0,4.0,5.0,3.0,5.0,5.0,5.0,4.0,4.98,4.65,5.1,4.34,2023-08-24,
VN_QUANT_122,36,Female,Senior Executive,2.0,Master,Technology,Medium (500-2000),Vietnam,528,5.856801193834814,6.775091857868767,6.080206592288384,5.504801705607975,4.0,5.0,6.0,4.0,4.0,5.0,5.0,5.0,5.0,6.0,5.0,4.0,5.0,5.0,4.0,6.0,4.0,7.0,5.0,4.0,5.0,4.0,5.0,4.0,6.0,4.0,4.0,5.0,3.0,5.0,5.0,3.0,7.0,7.0,7.0,7.0,7.0,7.0,7.0,7.0,7.0,7.0,7.0,7.0,7.0,6.97,7.0,7.0,4.0,3.0,6.0,5.0,4.0,3.0,7.0,4.0,4.0,2.0,6.0,4.0,3.73,2.61,5.88,4.17,2023-07-14,
VN_QUANT_123,39,Male,Department Head,4.4,Master,Technology,Large (> 2000),Vietnam,8610,4.5807632676801875,5.925381338551238,5.932278141106142,6.5793811965489395,4.0,4.0,4.0,6.0,5.0,3.0,5.0,3.0,4.0,6.0,3.0,5.0,5.0,5.0,5.0,4.0,6.0,4.0,6.0,5.0,5.0,6.0,5.0,4.0,5.0,5.0,5.0,4.0,5.0,5.0,5.0,6.0,7.0,7.0,7.0,7.0,6.0,7.0,7.0,6.0,7.0,7.0,6.0,7.0,7.0,6.5,7.0,7.0,2.0,5.0,6.0,3.0,4.0,4.0,6.0,4.0,3.0,4.0,6.0,5.0,3.12,4.02,6.62,4.17,2023-08-23,
VN_QUANT_124,47,Female,Senior Executive,9.7,Bachelor,Financial Services,Medium (500-2000),Vietnam,1558,5.185245569328502,5.494673735793115,3.743528041842527,5.712969944320589,3.0,5.0,4.0,4.0,3.0,5.0,4.0,3.0,3.0,6.0,4.0,5.0,5.0,3.0,5.0,4.0,3.0,4.0,1.0,2.0,2.0,3.0,1.0,1.0,5.0,5.0,3.0,3.0,3.0,4.0,4.0,5.0,6.0,7.0,7.0,7.0,6.0,7.0,7.0,7.0,7.0,7.0,7.0,7.0,6.99,7.0,7.0,6.76,4.0,5.0,6.0,7.0,5.0,4.0,7.0,6.0,6.0,5.0,7.0,7.0,4.61,4.75,6.33,6.56,2023-06-11,
VN_QUANT_125,46,Female,Team Leader,2.0,Master,Technology,Small (< 500),Vietnam,286,4.796803299667584,4.193168403582204,5.247112170687696,6.091253814650691,4.0,3.0,3.0,5.0,6.0,3.0,3.0,4.0,4.0,4.0,4.0,4.0,3.0,3.0,4.0,2.0,3.0,4.0,5.0,3.0,4.0,5.0,3.0,5.0,5.0,5.0,4.0,4.0,3.0,4.0,6.0,4.0,7.0,7.0,7.0,7.0,7.0,7.0,7.0,6.0,7.0,7.0,6.0,7.0,6.91,6.12,7.0,7.0,5.0,5.0,7.0,4.0,5.0,4.0,6.0,4.0,5.0,4.0,6.0,4.0,5.11,4.1,6.26,4.73,2023-07-21,
VN_QUANT_126,46,Male,Senior Executive,11.5,Bachelor,Technology,Small (< 500),Vietnam,343,5.705233936911018,6.402382262617812,6.304509876647621,4.174484085171145,4.0,6.0,6.0,5.0,6.0,4.0,4.0,3.0,4.0,6.0,4.0,4.0,4.0,4.0,4.0,5.0,6.0,4.0,5.0,4.0,3.0,6.0,4.0,4.0,3.0,3.0,2.0,3.0,2.0,3.0,4.0,3.0,6.0,7.0,7.0,7.0,7.0,7.0,7.0,6.0,7.0,7.0,7.0,6.0,6.88,6.89,6.99,7.0,6.0,3.0,6.0,4.0,6.0,2.0,5.0,5.0,5.0,2.0,6.0,6.0,5.88,2.79,5.14,4.42,2023-07-12,
VN_QUANT_127,37,Male,Department Head,2.0,Master,Financial Services,Large (> 2000),Vietnam,2601,6.507891570003066,5.564114336203531,5.082679254059288,5.605219023960185,4.0,7.0,5.0,5.0,6.0,5.0,6.0,6.0,4.0,5.0,6.0,3.0,3.0,5.0,5.0,6.0,4.0,4.0,5.0,4.0,4.0,3.0,4.0,3.0,6.0,3.0,4.0,5.0,3.0,5.0,4.0,5.0,7.0,7.0,7.0,6.0,7.0,7.0,6.0,7.0,6.0,7.0,7.0,6.0,7.0,7.0,7.0,7.0,6.0,4.0,5.0,7.0,5.0,4.0,5.0,7.0,5.0,4.0,4.0,7.0,4.86,4.24,4.83,6.79,2023-09-22,
VN_QUANT_128,35,Male,Team Leader,6.0,Master,Manufacturing,Medium (500-2000),Vietnam,1726,4.55464123258078,6.1324671313632955,5.7312074424268475,5.4158935219072335,4.0,3.0,4.0,4.0,4.0,4.0,3.0,3.0,4.0,3.0,5.0,3.0,5.0,7.0,5.0,5.0,4.0,5.0,5.0,4.0,4.0,5.0,4.0,4.0,5.0,6.0,4.0,3.0,2.0,5.0,4.0,3.0,7.0,6.0,7.0,6.0,6.0,7.0,6.0,6.0,7.0,7.0,6.0,7.0,6.67,5.91,7.0,6.53,5.0,4.0,6.0,6.0,5.0,4.0,7.0,5.0,5.0,4.0,7.0,6.0,5.02,4.0,7.0,5.56,2023-08-01,
VN_QUANT_129,28,Male,Senior Executive,2.0,PhD,Financial Services,Large (> 2000),Vietnam,8883,4.394476689863154,7.0,5.792466702382234,5.995218208633222,4.0,4.0,4.0,4.0,4.0,3.0,3.0,3.0,6.0,7.0,6.0,5.0,3.0,5.0,6.0,5.0,5.0,6.0,5.0,4.0,4.0,3.0,5.0,5.0,6.0,4.0,4.0,6.0,5.0,4.0,3.0,4.0,7.0,7.0,7.0,7.0,7.0,7.0,7.0,7.0,7.0,7.0,7.0,7.0,7.0,6.71,7.0,7.0,3.0,4.0,5.0,4.0,3.0,5.0,5.0,4.0,3.0,5.0,4.0,5.0,3.55,4.15,4.6,4.33,2023-07-05,
VN_QUANT_130,43,Male,Team Leader,13.1,Bachelor,Financial Services,Large (> 2000),Vietnam,4978,3.365445737323916,3.145298973766728,3.1313417906167533,3.972962490706699,3.0,4.0,3.0,5.0,2.0,2.0,2.0,2.0,3.0,3.0,3.0,1.0,2.0,2.0,3.0,2.0,1.0,2.0,2.0,1.0,3.0,3.0,1.0,2.0,4.0,4.0,3.0,2.0,4.0,4.0,3.0,4.0,5.0,6.0,6.0,5.0,6.0,6.0,5.0,5.0,6.0,6.0,5.0,6.0,5.4,4.89,5.96,5.46,7.0,4.0,6.0,6.0,5.0,4.0,6.0,6.0,6.0,3.0,5.0,6.0,6.15,4.04,5.66,6.07,2023-08-03,
VN_QUANT_131,27,Female,Team Leader,2.0,Master,Manufacturing,Large (> 2000),Vietnam,7187,5.932849143220217,6.174674553935004,6.56455575161648,6.694998865262012,5.0,6.0,6.0,4.0,6.0,4.0,3.0,4.0,4.0,6.0,4.0,5.0,4.0,5.0,6.0,6.0,5.0,6.0,5.0,6.0,5.0,5.0,5.0,5.0,6.0,5.0,3.0,5.0,6.0,5.0,6.0,5.0,7.0,7.0,7.0,7.0,7.0,7.0,7.0,7.0,7.0,7.0,7.0,7.0,6.79,7.0,7.0,7.0,7.0,2.0,7.0,7.0,6.0,1.0,6.0,7.0,7.0,2.0,7.0,7.0,7.0,1.98,6.48,6.95,2023-09-20,
VN_QUANT_132,39,Female,Team Leader,10.6,Master,Technology,Medium (500-2000),Vietnam,630,3.737706226523779,4.9091111448676,5.015786555124945,5.05565112572881,3.0,3.0,4.0,1.0,4.0,3.0,4.0,3.0,4.0,4.0,3.0,3.0,4.0,2.0,5.0,4.0,3.0,4.0,4.0,3.0,2.0,3.0,3.0,4.0,4.0,5.0,4.0,4.0,4.0,3.0,3.0,4.0,7.0,6.0,7.0,7.0,7.0,7.0,7.0,5.0,6.0,7.0,6.0,7.0,7.0,5.93,6.57,6.32,6.0,4.0,7.0,6.0,6.0,3.0,7.0,6.0,6.0,4.0,7.0,5.0,6.43,3.83,7.0,6.18,2023-09-03,
VN_QUANT_133,36,Male,Department Head,2.0,Master,Financial Services,Medium (500-2000),Vietnam,610,4.602382922575249,5.0718836077104745,3.793448472903653,4.232025513651134,3.0,4.0,3.0,3.0,3.0,4.0,3.0,3.0,4.0,4.0,4.0,4.0,4.0,5.0,4.0,3.0,3.0,3.0,4.0,2.0,1.0,3.0,3.0,3.0,4.0,2.0,3.0,3.0,3.0,3.0,3.0,3.0,7.0,7.0,7.0,7.0,7.0,7.0,7.0,7.0,7.0,7.0,7.0,7.0,6.88,6.86,7.0,6.71,7.0,5.0,5.0,5.0,5.0,5.0,6.0,6.0,7.0,5.0,6.0,5.0,6.33,4.95,5.82,5.64,2023-06-18,
VN_QUANT_134,41,Male,Senior Executive,8.6,Master,Healthcare,Medium (500-2000),Vietnam,1023,7.0,5.764117707042001,4.536481446208336,5.530674073062537,6.0,5.0,6.0,6.0,6.0,5.0,4.0,6.0,5.0,5.0,3.0,3.0,4.0,4.0,5.0,3.0,2.0,4.0,4.0,4.0,4.0,3.0,3.0,3.0,4.0,4.0,3.0,4.0,4.0,4.0,5.0,3.0,7.0,7.0,7.0,7.0,7.0,7.0,7.0,7.0,7.0,7.0,7.0,7.0,6.82,7.0,7.0,7.0,5.0,5.0,7.0,6.0,6.0,5.0,5.0,6.0,5.0,5.0,6.0,7.0,5.38,5.44,6.05,5.97,2023-06-14,
VN_QUANT_135,48,Female,Team Leader,2.5,Bachelor,Financial Services,Medium (500-2000),Vietnam,1811,5.321580755570888,5.82103082696424,4.687423501213142,5.612226871235654,4.0,4.0,4.0,5.0,3.0,3.0,4.0,5.0,6.0,5.0,5.0,4.0,5.0,4.0,5.0,5.0,2.0,5.0,3.0,3.0,3.0,4.0,2.0,4.0,4.0,4.0,3.0,4.0,4.0,4.0,5.0,5.0,7.0,6.0,7.0,7.0,6.0,7.0,7.0,6.0,7.0,7.0,6.0,7.0,6.9,6.0,7.0,6.53,4.0,6.0,5.0,7.0,4.0,6.0,5.0,6.0,4.0,6.0,5.0,6.0,3.85,4.99,5.37,6.69,2023-09-28,
VN_QUANT_136,49,Male,Department Head,8.4,Bachelor,Financial Services,Large (> 2000),Vietnam,4734,4.378070528480262,5.210806937722595,4.690045284388738,4.60934509567962,3.0,3.0,5.0,4.0,4.0,4.0,2.0,4.0,5.0,3.0,4.0,4.0,3.0,4.0,5.0,5.0,3.0,4.0,4.0,4.0,4.0,5.0,3.0,4.0,3.0,3.0,4.0,4.0,2.0,5.0,3.0,2.0,7.0,5.0,7.0,7.0,6.0,7.0,6.0,7.0,6.0,7.0,6.0,7.0,7.0,6.12,7.0,6.71,4.0,4.0,7.0,7.0,4.0,4.0,7.0,7.0,4.0,5.0,7.0,7.0,4.05,4.03,7.0,7.0,2023-07-19,
VN_QUANT_137,44,Male,Team Leader,2.1,Master,Retail,Small (< 500),Vietnam,368,4.279816292397328,3.220698467959851,4.04615174940521,4.431947004793135,3.0,2.0,3.0,3.0,3.0,5.0,4.0,4.0,2.0,3.0,2.0,3.0,3.0,2.0,2.0,3.0,3.0,3.0,3.0,2.0,3.0,4.0,2.0,3.0,3.0,3.0,2.0,3.0,4.0,3.0,3.0,4.0,5.0,5.0,6.0,5.0,6.0,6.0,6.0,4.0,6.0,5.0,5.0,6.0,4.79,5.01,5.81,5.01,6.0,4.0,7.0,4.0,6.0,5.0,7.0,4.0,6.0,5.0,7.0,4.0,5.72,4.69,7.0,4.55,2023-08-08,
VN_QUANT_138,33,Female,Department Head,2.2,Master,Healthcare,Large (> 2000),Vietnam,2665,3.5660124515406104,4.40085630380171,4.208882530083431,3.489893105732884,2.0,3.0,3.0,4.0,4.0,2.0,3.0,2.0,3.0,5.0,3.0,2.0,5.0,3.0,4.0,5.0,3.0,3.0,3.0,3.0,2.0,3.0,3.0,4.0,2.0,4.0,2.0,2.0,3.0,1.0,3.0,2.0,5.0,6.0,6.0,5.0,5.0,6.0,6.0,6.0,6.0,5.0,5.0,5.0,5.2,5.31,5.94,5.22,6.0,4.0,6.0,5.0,5.0,5.0,5.0,5.0,6.0,4.0,4.0,5.0,5.98,4.54,4.9,5.52,2023-06-17,
VN_QUANT_139,39,Male,Team Leader,7.1,Master,Retail,Large (> 2000),Vietnam,3066,4.164758623841796,4.207676755600182,4.664953022916172,5.7484771137945225,3.0,4.0,4.0,3.0,5.0,4.0,4.0,4.0,2.0,3.0,3.0,4.0,4.0,4.0,4.0,4.0,4.0,3.0,4.0,3.0,3.0,5.0,4.0,2.0,3.0,5.0,4.0,3.0,4.0,4.0,4.0,5.0,6.0,6.0,7.0,6.0,6.0,7.0,7.0,6.0,7.0,6.0,6.0,7.0,6.57,6.12,7.0,6.29,4.0,4.0,7.0,5.0,4.0,4.0,7.0,6.0,4.0,4.0,6.0,6.0,3.97,3.77,6.39,6.1,2023-06-21,
VN_QUANT_140,32,Male,Team Leader,4.9,Bachelor,Financial Services,Medium (500-2000),Vietnam,1374,4.934381239146687,6.071317110876239,5.255460171024567,5.8974628784374215,4.0,5.0,4.0,5.0,3.0,4.0,3.0,5.0,4.0,3.0,5.0,4.0,4.0,4.0,6.0,5.0,5.0,5.0,4.0,3.0,3.0,4.0,5.0,4.0,4.0,5.0,4.0,5.0,4.0,4.0,5.0,4.0,7.0,7.0,6.0,7.0,6.0,7.0,7.0,7.0,7.0,7.0,6.0,7.0,7.0,6.71,7.0,6.86,4.0,5.0,5.0,6.0,6.0,5.0,6.0,6.0,5.0,5.0,6.0,6.0,5.5,5.15,5.7,5.67,2023-06-14,
VN_QUANT_141,34,Male,Team Leader,2.0,PhD,Healthcare,Medium (500-2000),Vietnam,1817,4.9527893170355535,7.0,5.655729427934113,6.983507953550413,4.0,1.0,4.0,5.0,5.0,4.0,5.0,4.0,6.0,6.0,5.0,4.0,4.0,4.0,5.0,4.0,4.0,4.0,4.0,5.0,4.0,3.0,4.0,5.0,4.0,5.0,5.0,5.0,6.0,4.0,5.0,5.0,7.0,7.0,7.0,7.0,6.0,7.0,7.0,7.0,7.0,7.0,7.0,7.0,6.92,7.0,7.0,7.0,5.0,4.0,6.0,6.0,5.0,3.0,5.0,6.0,5.0,3.0,6.0,5.0,5.12,3.35,6.08,6.03,2023-06-03,
VN_QUANT_142,43,Male,Department Head,13.1,Bachelor,Financial Services,Small (< 500),Vietnam,334,5.080560562691575,6.2706063037256285,5.92912100873473,6.037808442419412,5.0,4.0,5.0,5.0,5.0,5.0,4.0,3.0,4.0,5.0,5.0,4.0,5.0,6.0,4.0,6.0,6.0,6.0,5.0,6.0,5.0,5.0,5.0,4.0,5.0,4.0,4.0,5.0,4.0,5.0,5.0,4.0,7.0,7.0,7.0,6.0,7.0,7.0,7.0,7.0,6.0,6.0,7.0,7.0,6.59,6.78,7.0,7.0,6.0,3.0,5.0,7.0,5.0,4.0,5.0,7.0,6.0,4.0,5.0,7.0,5.54,3.89,5.08,7.0,2023-07-01,
VN_QUANT_143,31,Male,Senior Executive,2.0,PhD,Manufacturing,Medium (500-2000),Vietnam,1322,3.816849316768391,4.14212784118159,3.8654927531731307,4.582424936583569,3.0,3.0,4.0,2.0,2.0,3.0,2.0,2.0,3.0,4.0,4.0,5.0,2.0,3.0,2.0,2.0,3.0,4.0,3.0,2.0,2.0,2.0,3.0,3.0,4.0,2.0,3.0,3.0,3.0,1.0,1.0,4.0,7.0,7.0,7.0,7.0,7.0,6.0,7.0,7.0,6.0,7.0,7.0,7.0,7.0,7.0,7.0,7.0,6.0,4.0,3.0,5.0,5.0,5.0,4.0,6.0,6.0,5.0,5.0,6.0,5.39,4.9,4.04,5.24,2023-08-28,
VN_QUANT_144,35,Male,Department Head,2.0,Master,Financial Services,Small (< 500),Vietnam,101,4.994477473992113,4.92368185338287,3.5315907325013436,5.795638826303693,4.0,3.0,4.0,4.0,5.0,3.0,5.0,4.0,4.0,4.0,3.0,3.0,4.0,3.0,4.0,6.0,4.0,5.0,3.0,3.0,2.0,3.0,4.0,3.0,5.0,5.0,3.0,5.0,4.0,4.0,4.0,4.0,7.0,6.0,7.0,7.0,5.0,6.0,7.0,6.0,6.0,6.0,5.0,6.0,6.59,5.86,6.45,6.19,5.0,4.0,5.0,5.0,6.0,3.0,5.0,5.0,5.0,3.0,4.0,4.0,5.45,3.08,4.8,4.09,2023-07-17,
VN_QUANT_145,31,Male,Team Leader,2.0,Master,Technology,Medium (500-2000),Vietnam,518,5.310466458716289,5.44010758025241,6.190952124306574,5.320681118283638,4.0,4.0,4.0,3.0,3.0,3.0,4.0,5.0,4.0,6.0,4.0,4.0,5.0,4.0,3.0,4.0,5.0,6.0,6.0,4.0,5.0,7.0,4.0,5.0,4.0,4.0,4.0,4.0,4.0,2.0,5.0,4.0,7.0,6.0,7.0,7.0,7.0,7.0,6.0,6.0,7.0,7.0,7.0,7.0,6.68,7.0,7.0,6.55,3.0,3.0,6.0,7.0,2.0,3.0,6.0,7.0,3.0,3.0,5.0,6.0,2.86,2.66,5.3,7.0,2023-07-14,
VN_QUANT_146,44,Male,Department Head,7.6,Master,Manufacturing,Small (< 500),Vietnam,84,4.766954080256579,5.386600066797178,4.768361563418946,4.900707322693863,3.0,5.0,4.0,4.0,4.0,5.0,3.0,4.0,3.0,5.0,4.0,5.0,3.0,3.0,4.0,4.0,3.0,4.0,5.0,4.0,3.0,3.0,3.0,2.0,4.0,4.0,3.0,3.0,3.0,4.0,4.0,2.0,7.0,6.0,7.0,7.0,7.0,7.0,7.0,7.0,7.0,7.0,6.0,7.0,7.0,6.58,7.0,7.0,7.0,4.0,5.0,7.0,7.0,3.0,5.0,7.0,7.0,3.0,6.0,7.0,7.0,3.03,5.35,7.0,2023-06-17,
VN_QUANT_147,36,Male,Senior Executive,2.0,Bachelor,Retail,Large (> 2000),Vietnam,2047,5.712283790721188,6.113160313078469,5.977632770302698,5.291969862342117,4.0,5.0,4.0,5.0,4.0,5.0,5.0,3.0,3.0,5.0,3.0,4.0,4.0,5.0,5.0,5.0,6.0,6.0,5.0,5.0,5.0,4.0,5.0,4.0,4.0,3.0,3.0,3.0,5.0,4.0,3.0,3.0,7.0,7.0,7.0,6.0,7.0,7.0,7.0,7.0,7.0,7.0,7.0,7.0,7.0,7.0,7.0,7.0,6.0,4.0,4.0,5.0,7.0,4.0,4.0,6.0,7.0,4.0,4.0,6.0,6.56,4.44,3.69,6.04,2023-08-29,
VN_QUANT_148,25,Male,Team Leader,2.0,Bachelor,Retail,Medium (500-2000),Vietnam,718,5.670180117946245,5.112006632294159,5.439181163545331,6.814473744830232,4.0,5.0,4.0,6.0,3.0,5.0,3.0,5.0,3.0,4.0,3.0,4.0,3.0,5.0,4.0,4.0,3.0,5.0,3.0,4.0,6.0,4.0,4.0,4.0,6.0,7.0,3.0,5.0,4.0,6.0,6.0,5.0,6.0,7.0,7.0,6.0,7.0,7.0,7.0,7.0,7.0,6.0,7.0,7.0,6.51,6.53,7.0,6.97,5.0,7.0,6.0,5.0,6.0,6.0,5.0,5.0,4.0,7.0,6.0,5.0,4.98,6.23,6.08,5.0,2023-08-20,
VN_QUANT_149,51,Male,Team Leader,15.1,Bachelor,Healthcare,Small (< 500),Vietnam,159,5.690953382363384,5.84361175796135,6.507792076300831,5.556061416869609,4.0,5.0,4.0,5.0,6.0,5.0,5.0,5.0,5.0,6.0,4.0,4.0,5.0,6.0,3.0,4.0,6.0,6.0,6.0,4.0,6.0,5.0,4.0,5.0,3.0,4.0,4.0,6.0,3.0,5.0,3.0,5.0,7.0,7.0,7.0,6.0,7.0,7.0,7.0,7.0,6.0,7.0,7.0,7.0,7.0,7.0,7.0,7.0,3.0,5.0,3.0,6.0,4.0,6.0,4.0,7.0,4.0,5.0,4.0,6.0,3.7,5.2,4.53,6.36,2023-07-26,
VN_QUANT_150,47,Female,Team Leader,8.3,Bachelor,Financial Services,Medium (500-2000),Vietnam,1265,5.351206807950604,4.792679326162088,4.799154114853205,6.26539890777235,3.0,6.0,6.0,3.0,4.0,5.0,4.0,3.0,4.0,5.0,5.0,4.0,5.0,4.0,3.0,3.0,4.0,4.0,4.0,3.0,4.0,4.0,4.0,5.0,5.0,4.0,4.0,6.0,4.0,4.0,5.0,5.0,7.0,7.0,7.0,7.0,7.0,7.0,7.0,7.0,7.0,7.0,7.0,7.0,7.0,6.64,7.0,6.79,6.0,5.0,6.0,6.0,6.0,5.0,6.0,6.0,5.0,5.0,6.0,6.0,5.62,4.78,5.76,5.53,2023-08-22,
VN_QUANT_151,25,Male,Department Head,2.0,Master,Financial Services,Large (> 2000),Vietnam,5259,5.147244584403387,6.515605895420697,5.50519298669833,6.857958797966556,4.0,4.0,5.0,5.0,4.0,4.0,4.0,5.0,7.0,5.0,5.0,5.0,6.0,6.0,4.0,6.0,4.0,5.0,4.0,4.0,4.0,5.0,3.0,3.0,5.0,4.0,4.0,4.0,6.0,5.0,5.0,6.0,7.0,7.0,7.0,7.0,7.0,7.0,6.0,7.0,7.0,7.0,7.0,7.0,6.92,6.93,7.0,7.0,4.0,5.0,5.0,5.0,3.0,6.0,6.0,5.0,3.0,6.0,5.0,4.0,3.39,5.57,4.73,5.19,2023-06-27,
VN_QUANT_152,44,Female,Department Head,11.9,Bachelor,Financial Services,Large (> 2000),Vietnam,4078,4.938623390680778,5.455074994042035,5.155801419053395,5.598919995192876,4.0,4.0,4.0,3.0,4.0,3.0,3.0,4.0,5.0,4.0,4.0,4.0,5.0,4.0,4.0,6.0,3.0,4.0,4.0,4.0,4.0,3.0,4.0,5.0,5.0,5.0,5.0,4.0,4.0,4.0,4.0,4.0,5.0,6.0,7.0,5.0,7.0,7.0,6.0,6.0,7.0,6.0,6.0,7.0,5.84,6.43,6.84,6.38,6.0,5.0,5.0,5.0,7.0,5.0,4.0,5.0,7.0,4.0,5.0,5.0,6.84,4.29,4.19,4.82,2023-08-10,
VN_QUANT_153,50,Male,Department Head,12.2,Master,Financial Services,Medium (500-2000),Vietnam,758,4.646662993963952,4.165043330889676,4.566086858946769,5.021976781315344,4.0,3.0,2.0,3.0,4.0,4.0,3.0,4.0,4.0,2.0,3.0,3.0,2.0,4.0,4.0,3.0,4.0,3.0,3.0,3.0,3.0,4.0,4.0,3.0,5.0,3.0,2.0,3.0,5.0,3.0,3.0,2.0,7.0,7.0,7.0,7.0,6.0,7.0,7.0,6.0,7.0,7.0,6.0,7.0,6.92,6.47,7.0,6.54,5.0,3.0,6.0,6.0,6.0,4.0,6.0,5.0,4.0,4.0,6.0,6.0,4.82,3.38,5.76,5.48,2023-08-29,
VN_QUANT_154,37,Male,Team Leader,5.2,Bachelor,Technology,Large (> 2000),Vietnam,9842,6.426774449308985,4.272435970938862,6.32229515734182,6.197991633955409,4.0,7.0,5.0,6.0,5.0,6.0,5.0,5.0,5.0,3.0,3.0,5.0,2.0,3.0,3.0,4.0,6.0,6.0,5.0,5.0,6.0,5.0,5.0,3.0,6.0,4.0,4.0,4.0,4.0,4.0,5.0,6.0,7.0,7.0,7.0,7.0,6.0,7.0,7.0,7.0,7.0,7.0,7.0,7.0,7.0,6.9,7.0,7.0,5.0,3.0,6.0,5.0,5.0,4.0,6.0,7.0,4.0,3.0,5.0,7.0,4.34,3.94,5.62,6.05,2023-08-08,
VN_QUANT_155,40,Female,Department Head,4.3,Master,Retail,Large (> 2000),Vietnam,5415,5.534479267680081,5.775052716425594,4.674766977942951,7.0,5.0,4.0,5.0,4.0,5.0,5.0,3.0,4.0,5.0,6.0,3.0,4.0,6.0,5.0,6.0,4.0,4.0,2.0,3.0,3.0,4.0,5.0,4.0,5.0,4.0,4.0,6.0,5.0,4.0,5.0,7.0,5.0,6.0,6.0,6.0,7.0,7.0,7.0,6.0,6.0,7.0,7.0,6.0,7.0,7.0,6.29,7.0,7.0,6.0,5.0,6.0,6.0,5.0,4.0,6.0,5.0,5.0,4.0,6.0,5.0,5.64,3.73,5.89,5.66,2023-06-02,
VN_QUANT_156,40,Female,Team Leader,9.2,Master,Financial Services,Small (< 500),Vietnam,335,6.050563397483776,5.961222055042571,5.8762121018811735,6.078292025012227,5.0,4.0,4.0,5.0,5.0,4.0,5.0,4.0,6.0,5.0,4.0,5.0,5.0,5.0,5.0,5.0,6.0,5.0,5.0,2.0,4.0,4.0,4.0,5.0,6.0,5.0,5.0,4.0,4.0,4.0,5.0,5.0,7.0,7.0,7.0,7.0,7.0,6.0,6.0,6.0,6.0,7.0,7.0,6.0,6.98,7.0,6.61,7.0,4.0,3.0,7.0,6.0,4.0,3.0,7.0,6.0,5.0,3.0,6.0,7.0,4.48,3.04,7.0,6.38,2023-08-19,f0f8b74863f02146
VN_QUANT_157,36,Male,Senior Executive,6.0,Master,Technology,Large (> 2000),Vietnam,6403,5.448734724439809,5.73244280323981,5.541357011663629,6.069355491549618,4.0,5.0,5.0,6.0,4.0,5.0,4.0,4.0,4.0,5.0,5.0,5.0,5.0,5.0,5.0,4.0,3.0,6.0,4.0,5.0,4.0,4.0,4.0,4.0,4.0,4.0,3.0,5.0,4.0,5.0,3.0,5.0,7.0,7.0,7.0,7.0,6.0,6.0,7.0,7.0,7.0,7.0,7.0,7.0,7.0,7.0,7.0,7.0,5.0,5.0,6.0,5.0,5.0,5.0,6.0,5.0,5.0,4.0,6.0,5.0,4.69,3.79,6.44,5.28,2023-08-01,
VN_QUANT_158,43,Female,Team Leader,15.0,Bachelor,Technology,Small (< 500),Vietnam,120,7.0,5.66620194108059,5.973911982239239,6.921140515399694,6.0,5.0,6.0,6.0,7.0,7.0,5.0,5.0,5.0,4.0,3.0,3.0,3.0,4.0,4.0,5.0,5.0,5.0,4.0,4.0,4.0,4.0,4.0,4.0,7.0,7.0,6.0,5.0,6.0,5.0,4.0,7.0,7.0,7.0,7.0,6.0,7.0,7.0,7.0,7.0,7.0,6.0,7.0,7.0,6.65,6.82,7.0,7.0,4.0,2.0,7.0,5.0,5.0,3.0,7.0,5.0,3.0,3.0,7.0,5.0,4.13,2.44,7.0,5.08,2023-09-17,
VN_QUANT_159,47,Female,Department Head,14.2,Master,Manufacturing,Large (> 2000),Vietnam,9409,5.667076005147016,6.234763127949478,7.0,7.0,5.0,6.0,4.0,5.0,6.0,4.0,5.0,4.0,5.0,6.0,4.0,4.0,5.0,4.0,4.0,5.0,6.0,5.0,6.0,5.0,5.0,5.0,7.0,5.0,7.0,5.0,6.0,5.0,5.0,4.0,3.0,7.0,7.0,7.0,7.0,7.0,7.0,7.0,7.0,7.0,7.0,6.0,6.0,7.0,7.0,7.0,7.0,7.0,6.0,4.0,6.0,6.0,7.0,4.0,5.0,6.0,6.0,4.0,7.0,6.0,5.69,3.68,5.52,5.89,2023-08-14,8e673bb3b2dcdad1
VN_QUANT_160,47,Male,Senior Executive,7.5,Bachelor,Healthcare,Large (> 2000),Vietnam,8450,4.30271882324957,4.625739243453153,4.586747949200082,4.4838365102385,3.0,4.0,3.0,2.0,4.0,4.0,3.0,3.0,4.0,4.0,4.0,3.0,3.0,4.0,4.0,3.0,3.0,5.0,4.0,3.0,3.0,3.0,4.0,3.0,5.0,2.0,4.0,3.0,2.0,3.0,3.0,4.0,6.0,7.0,7.0,6.0,7.0,6.0,7.0,7.0,6.0,7.0,7.0,7.0,6.69,7.0,7.0,7.0,5.0,5.0,5.0,6.0,5.0,4.0,6.0,6.0,5.0,4.0,5.0,5.0,5.34,3.9,5.15,5.59,2023-09-11,
VN_QUANT_161,30,Male,Department Head,2.0,Bachelor,Financial Services,Medium (500-2000),Vietnam,1067,4.964580316999898,5.621319433096215,5.403125698000231,3.822365201036507,4.0,3.0,3.0,5.0,4.0,4.0,5.0,4.0,6.0,5.0,5.0,4.0,4.0,4.0,5.0,5.0,5.0,6.0,5.0,4.0,4.0,5.0,5.0,5.0,2.0,3.0,2.0,2.0,2.0,3.0,3.0,2.0,7.0,7.0,7.0,6.0,6.0,7.0,7.0,7.0,7.0,7.0,7.0,7.0,6.93,6.82,6.77,6.79,6.0,3.0,6.0,7.0,6.0,4.0,6.0,6.0,6.0,3.0,5.0,6.0,6.16,3.83,6.21,6.98,2023-08-26,
VN_QUANT_162,34,Female,Team Leader,2.0,Master,Other,Large (> 2000),Vietnam,7218,4.179722078468953,5.353203366435827,6.14315902381328,5.30739164651748,5.0,4.0,4.0,3.0,3.0,3.0,2.0,3.0,3.0,5.0,3.0,4.0,3.0,5.0,4.0,6.0,5.0,6.0,6.0,4.0,5.0,5.0,4.0,3.0,3.0,5.0,4.0,3.0,2.0,4.0,4.0,5.0,7.0,6.0,6.0,6.0,7.0,7.0,7.0,6.0,7.0,7.0,7.0,7.0,6.48,6.33,7.0,6.64,3.0,6.0,7.0,4.0,2.0,5.0,7.0,5.0,4.0,5.0,7.0,5.0,3.21,5.68,7.0,5.15,2023-09-07,
VN_QUANT_163,40,Male,Department Head,6.6,Master,Financial Services,Medium (500-2000),Vietnam,520,4.515086523367185,5.0715355291867725,6.132826653376695,5.52755638395615,3.0,3.0,4.0,3.0,4.0,4.0,4.0,3.0,3.0,5.0,5.0,4.0,2.0,3.0,3.0,4.0,5.0,7.0,6.0,6.0,5.0,6.0,4.0,4.0,4.0,5.0,5.0,3.0,6.0,4.0,4.0,5.0,7.0,6.0,7.0,7.0,7.0,7.0,7.0,6.0,7.0,7.0,7.0,6.0,7.0,6.49,7.0,7.0,4.0,4.0,5.0,4.0,3.0,4.0,4.0,5.0,4.0,4.0,5.0,4.0,3.66,4.2,4.79,5.0,2023-06-06,
VN_QUANT_164,41,Male,Senior Executive,10.0,Bachelor,Technology,Large (> 2000),Vietnam,9787,2.782764764582405,5.741707826531358,5.120066259190501,4.077029862939266,2.0,3.0,2.0,3.0,2.0,2.0,2.0,2.0,6.0,5.0,4.0,4.0,4.0,3.0,4.0,5.0,4.0,6.0,4.0,3.0,4.0,4.0,3.0,3.0,4.0,4.0,3.0,3.0,2.0,3.0,3.0,2.0,6.0,6.0,7.0,6.0,6.0,6.0,5.0,5.0,6.0,6.0,5.0,6.0,5.73,5.68,6.02,5.64,5.0,6.0,7.0,6.0,5.0,5.0,7.0,6.0,4.0,6.0,7.0,6.0,4.43,5.76,7.0,5.33,2023-09-09,
VN_QUANT_165,42,Female,Department Head,2.9,Master,Retail,Large (> 2000),Vietnam,9732,4.4094789233153024,4.488363373330842,4.496225441176239,5.981381065419192,5.0,3.0,3.0,4.0,3.0,4.0,3.0,4.0,4.0,3.0,2.0,4.0,1.0,4.0,5.0,4.0,3.0,3.0,5.0,2.0,3.0,5.0,4.0,3.0,4.0,5.0,4.0,4.0,5.0,5.0,3.0,4.0,7.0,6.0,7.0,7.0,6.0,7.0,6.0,6.0,7.0,7.0,7.0,6.0,6.82,6.63,7.0,6.74,7.0,2.0,5.0,5.0,5.0,3.0,7.0,5.0,7.0,3.0,6.0,5.0,6.22,2.63,6.23,5.09,2023-08-04,
VN_QUANT_166,37,Female,Senior Executive,6.4,Bachelor,Technology,Small (< 500),Vietnam,55,3.1349795380515117,4.3254580756139696,4.277997617553161,4.3204078217654445,2.0,2.0,2.0,1.0,1.0,3.0,3.0,3.0,4.0,3.0,4.0,4.0,3.0,3.0,4.0,4.0,3.0,3.0,3.0,4.0,1.0,3.0,3.0,3.0,2.0,3.0,3.0,5.0,2.0,3.0,4.0,3.0,6.0,5.0,7.0,7.0,6.0,7.0,7.0,5.0,7.0,6.0,6.0,7.0,6.33,6.04,6.7,6.19,3.0,5.0,5.0,5.0,4.0,5.0,5.0,4.0,4.0,5.0,5.0,5.0,3.43,4.88,5.4,4.87,2023-09-05,
VN_QUANT_167,32,Male,Team Leader,3.3,Master,Retail,Large (> 2000),Vietnam,6326,4.141104588299654,5.688463069785568,4.953261169849133,5.3002086431048765,4.0,4.0,4.0,4.0,4.0,3.0,4.0,3.0,5.0,3.0,4.0,5.0,4.0,3.0,5.0,6.0,3.0,5.0,5.0,5.0,4.0,4.0,6.0,5.0,5.0,3.0,3.0,3.0,5.0,3.0,3.0,4.0,7.0,7.0,7.0,7.0,7.0,7.0,7.0,6.0,6.0,7.0,6.0,7.0,7.0,6.51,7.0,6.89,5.0,4.0,7.0,4.0,4.0,4.0,7.0,4.0,3.0,5.0,7.0,4.0,4.07,4.21,7.0,3.87,2023-06-18,
VN_QUANT_168,46,Male,Department Head,9.1,Bachelor,Technology,Small (< 500),Vietnam,131,5.215380352857045,5.2864032423432095,4.7498905633603705,4.67051746447782,4.0,6.0,4.0,5.0,3.0,5.0,4.0,4.0,5.0,4.0,4.0,4.0,3.0,4.0,4.0,5.0,5.0,1.0,5.0,3.0,3.0,4.0,3.0,3.0,3.0,3.0,4.0,3.0,3.0,3.0,3.0,3.0,7.0,7.0,7.0,7.0,6.0,6.0,7.0,7.0,7.0,7.0,6.0,7.0,7.0,6.68,7.0,6.93,7.0,3.0,5.0,4.0,7.0,5.0,5.0,5.0,7.0,5.0,5.0,3.0,6.56,3.9,4.72,4.35,2023-07-25,
VN_QUANT_169,30,Male,Senior Executive,2.6,Master,Healthcare,Small (< 500),Vietnam,495,6.948657583499444,7.0,5.945258681629033,7.0,4.0,5.0,5.0,5.0,5.0,5.0,5.0,5.0,6.0,6.0,5.0,4.0,5.0,5.0,6.0,5.0,5.0,5.0,6.0,6.0,4.0,3.0,5.0,4.0,6.0,5.0,5.0,4.0,7.0,4.0,6.0,5.0,7.0,7.0,7.0,7.0,7.0,7.0,7.0,7.0,7.0,7.0,7.0,7.0,7.0,6.95,7.0,7.0,6.0,3.0,6.0,5.0,5.0,2.0,6.0,5.0,6.0,3.0,6.0,6.0,5.58,2.67,6.4,5.38,2023-08-06,
VN_QUANT_170,35,Male,Senior Executive,3.7,Master,Technology,Medium (500-2000),Vietnam,716,5.382070310848154,5.760433510359277,4.568400493611528,5.05790677482992,4.0,4.0,3.0,5.0,6.0,3.0,3.0,5.0,5.0,6.0,4.0,5.0,4.0,5.0,4.0,5.0,4.0,3.0,3.0,4.0,4.0,3.0,4.0,2.0,5.0,4.0,5.0,4.0,5.0,3.0,2.0,3.0,7.0,6.0,7.0,6.0,7.0,7.0,7.0,7.0,7.0,7.0,6.0,7.0,6.66,6.47,7.0,6.71,5.0,4.0,7.0,4.0,6.0,4.0,6.0,4.0,6.0,5.0,6.0,5.0,6.19,4.34,5.63,4.19,2023-07-27,
VN_QUANT_171,39,Male,Department Head,2.5,Master,Technology,Large (> 2000),Vietnam,2334,5.800365957777232,6.358939204224267,4.702594376960834,5.719600568629855,5.0,5.0,4.0,6.0,4.0,3.0,4.0,5.0,5.0,4.0,4.0,4.0,4.0,3.0,5.0,7.0,5.0,4.0,1.0,3.0,4.0,4.0,4.0,4.0,5.0,4.0,3.0,4.0,3.0,4.0,5.0,3.0,7.0,6.0,7.0,7.0,7.0,7.0,7.0,7.0,7.0,7.0,7.0,7.0,6.97,6.86,7.0,7.0,5.0,5.0,6.0,6.0,5.0,6.0,6.0,7.0,5.0,6.0,7.0,5.0,4.9,6.27,6.81,6.06,2023-06-19,
VN_QUANT_172,43,Female,Department Head,3.5,Bachelor,Manufacturing,Medium (500-2000),Vietnam,1058,5.52916197643243,6.490066464095927,6.042080218763033,5.698662585893789,4.0,4.0,3.0,3.0,5.0,5.0,5.0,4.0,6.0,5.0,6.0,5.0,6.0,5.0,4.0,5.0,5.0,4.0,5.0,4.0,5.0,6.0,3.0,4.0,5.0,3.0,3.0,4.0,5.0,2.0,3.0,5.0,7.0,7.0,7.0,7.0,7.0,7.0,7.0,7.0,7.0,7.0,7.0,7.0,7.0,6.84,7.0,7.0,7.0,4.0,6.0,6.0,7.0,3.0,6.0,5.0,7.0,4.0,7.0,6.0,6.95,4.44,6.1,5.87,2023-08-13,
VN_QUANT_173,37,Male,Team Leader,3.7,Bachelor,Financial Services,Medium (500-2000),Vietnam,1363,5.1118428494035735,5.135534726604857,5.398104254087133,6.361841897181483,5.0,5.0,5.0,4.0,3.0,2.0,5.0,4.0,4.0,4.0,5.0,4.0,3.0,5.0,4.0,5.0,5.0,4.0,4.0,4.0,5.0,5.0,4.0,2.0,6.0,5.0,5.0,5.0,6.0,4.0,4.0,5.0,7.0,7.0,7.0,7.0,6.0,7.0,7.0,7.0,7.0,7.0,7.0,7.0,6.69,6.91,7.0,6.86,4.0,3.0,7.0,5.0,4.0,4.0,7.0,5.0,4.0,4.0,7.0,5.0,3.4,3.95,6.79,4.83,2023-08-23,
VN_QUANT_174,45,Female,Team Leader,12.1,Master,Other,Large (> 2000),Vietnam,2873,4.154700493414346,5.014544590756445,4.7563408484531315,5.044180705682435,4.0,4.0,3.0,2.0,4.0,3.0,4.0,2.0,3.0,4.0,3.0,3.0,4.0,5.0,3.0,2.0,5.0,4.0,4.0,4.0,4.0,5.0,4.0,4.0,5.0,5.0,5.0,3.0,2.0,4.0,2.0,5.0,6.0,5.0,6.0,7.0,5.0,5.0,6.0,5.0,5.0,6.0,4.0,6.0,6.07,5.33,5.83,5.91,4.0,4.0,6.0,5.0,5.0,4.0,5.0,5.0,5.0,4.0,6.0,5.0,4.76,4.15,5.84,5.45,2023-06-11,
VN_QUANT_175,48,Male,Team Leader,4.6,Master,Technology,Large (> 2000),Vietnam,2752,4.758555065695821,6.0967831389763765,5.797672536453378,5.590817722817836,3.0,4.0,4.0,4.0,4.0,3.0,3.0,4.0,5.0,4.0,4.0,4.0,4.0,5.0,4.0,4.0,4.0,6.0,5.0,5.0,2.0,5.0,4.0,4.0,5.0,3.0,4.0,4.0,3.0,4.0,4.0,4.0,6.0,7.0,7.0,7.0,7.0,7.0,6.0,7.0,7.0,7.0,7.0,7.0,6.64,6.74,7.0,7.0,5.0,5.0,5.0,6.0,5.0,5.0,6.0,6.0,4.0,4.0,6.0,5.0,4.67,4.59,5.41,5.31,2023-09-04,
VN_QUANT_176,41,Female,Department Head,8.5,Bachelor,Financial Services,Medium (500-2000),Vietnam,1774,5.500656296079172,5.223638808598186,3.9097874616344335,3.647845406617832,3.0,4.0,5.0,5.0,5.0,3.0,6.0,4.0,5.0,4.0,4.0,4.0,4.0,3.0,3.0,6.0,3.0,4.0,3.0,3.0,3.0,3.0,4.0,4.0,3.0,3.0,2.0,3.0,1.0,3.0,4.0,2.0,7.0,5.0,7.0,7.0,6.0,7.0,7.0,6.0,6.0,7.0,7.0,7.0,6.55,5.95,6.81,6.43,6.0,6.0,7.0,4.0,4.0,6.0,5.0,3.0,5.0,6.0,5.0,5.0,4.69,5.56,5.73,3.7,2023-09-12,edbd87d8d8778730
VN_QUANT_177,34,Male,Team Leader,5.0,Bachelor,Retail,Large (> 2000),Vietnam,5761,5.360735321125971,5.20762116828264,5.934364802049801,5.800875580167737,3.0,4.0,5.0,4.0,4.0,5.0,3.0,2.0,5.0,4.0,4.0,4.0,4.0,4.0,5.0,5.0,4.0,4.0,5.0,4.0,4.0,5.0,3.0,5.0,4.0,3.0,4.0,4.0,3.0,4.0,3.0,5.0,6.0,7.0,7.0,6.0,6.0,7.0,6.0,7.0,7.0,7.0,7.0,7.0,6.36,6.43,7.0,6.54,4.0,4.0,6.0,7.0,4.0,3.0,7.0,5.0,4.0,4.0,7.0,6.0,3.62,3.63,5.96,5.94,2023-08-23,
VN_QUANT_178,42,Female,Team Leader,7.6,Master,Financial Services,Small (< 500),Vietnam,131,5.1348997176690725,4.9674541674488975,5.443849273972156,6.5630930979269735,4.0,6.0,5.0,4.0,5.0,3.0,4.0,4.0,5.0,4.0,3.0,6.0,4.0,3.0,3.0,4.0,5.0,5.0,5.0,5.0,4.0,4.0,3.0,4.0,6.0,4.0,4.0,5.0,4.0,6.0,6.0,6.0,7.0,7.0,7.0,7.0,7.0,7.0,7.0,7.0,7.0,7.0,7.0,6.0,6.96,6.61,7.0,7.0,7.0,4.0,7.0,5.0,5.0,4.0,7.0,5.0,5.0,4.0,5.0,5.0,5.61,4.18,6.12,4.9,2023-07-25,
VN_QUANT_179,41,Male,Department Head,14.5,Bachelor,Manufacturing,Medium (500-2000),Vietnam,1203,2.991889406337082,4.247334062988481,5.157755716429655,3.7426578721067933,1.0,2.0,2.0,2.0,3.0,4.0,4.0,2.0,3.0,5.0,4.0,3.0,2.0,3.0,4.0,5.0,4.0,5.0,4.0,3.0,4.0,3.0,4.0,4.0,3.0,2.0,3.0,3.0,2.0,2.0,3.0,4.0,5.0,6.0,7.0,5.0,6.0,6.0,6.0,6.0,7.0,6.0,6.0,6.0,5.67,5.59,6.04,5.46,4.0,4.0,6.0,4.0,4.0,4.0,6.0,4.0,4.0,4.0,6.0,4.0,3.65,4.0,6.41,4.53,2023-09-04,
VN_QUANT_180,36,Male,Senior Executive,8.6,Bachelor,Financial Services,Small (< 500),Vietnam,462,5.015499561543597,5.032295377015804,4.756783755169233,3.91710074646459,5.0,3.0,3.0,3.0,6.0,5.0,4.0,3.0,4.0,4.0,4.0,3.0,3.0,4.0,4.0,3.0,5.0,4.0,4.0,2.0,3.0,4.0,3.0,3.0,4.0,3.0,4.0,3.0,2.0,3.0,3.0,2.0,7.0,6.0,7.0,7.0,6.0,7.0,7.0,7.0,7.0,7.0,7.0,7.0,7.0,6.73,7.0,7.0,4.0,4.0,6.0,6.0,4.0,4.0,6.0,6.0,4.0,4.0,6.0,7.0,3.53,3.54,5.81,6.18,2023-09-15,
VN_QUANT_181,25,Male,Department Head,2.0,Master,Retail,Medium (500-2000),Vietnam,1052,5.815648233997681,5.9160717345035,4.493807987208007,6.080966642352319,4.0,3.0,6.0,6.0,4.0,4.0,6.0,5.0,4.0,5.0,5.0,4.0,4.0,5.0,5.0,6.0,4.0,4.0,4.0,3.0,3.0,3.0,3.0,2.0,5.0,6.0,6.0,5.0,5.0,5.0,3.0,6.0,7.0,7.0,7.0,7.0,7.0,7.0,7.0,7.0,7.0,7.0,7.0,7.0,6.94,6.68,7.0,7.0,3.0,5.0,6.0,5.0,2.0,5.0,7.0,5.0,3.0,5.0,6.0,4.0,2.15,4.2,6.41,5.74,2023-07-07,
VN_QUANT_182,42,Female,Department Head,5.9,Master,Financial Services,Small (< 500),Vietnam,320,5.085520839603843,4.913978766258196,6.401535722902822,5.9461680751721495,3.0,3.0,4.0,4.0,5.0,2.0,4.0,3.0,4.0,5.0,4.0,3.0,5.0,4.0,2.0,3.0,7.0,6.0,5.0,4.0,5.0,5.0,5.0,6.0,5.0,5.0,3.0,4.0,4.0,4.0,3.0,6.0,7.0,7.0,7.0,7.0,7.0,7.0,7.0,6.0,7.0,7.0,7.0,7.0,7.0,6.6,7.0,7.0,4.0,5.0,7.0,6.0,4.0,6.0,7.0,7.0,5.0,6.0,7.0,6.0,4.18,5.53,7.0,6.41,2023-08-25,
VN_QUANT_183,42,Male,Senior Executive,7.4,Bachelor,Manufacturing,Medium (500-2000),Vietnam,586,6.1028070962928,5.979380712732893,4.407407092324772,4.064278940706985,6.0,5.0,5.0,5.0,4.0,5.0,4.0,4.0,4.0,5.0,5.0,3.0,3.0,4.0,4.0,5.0,3.0,4.0,3.0,2.0,3.0,3.0,4.0,3.0,4.0,4.0,2.0,3.0,3.0,4.0,3.0,4.0,6.0,7.0,7.0,7.0,7.0,7.0,6.0,7.0,7.0,7.0,6.0,7.0,6.54,6.67,7.0,6.74,5.0,4.0,4.0,6.0,5.0,3.0,5.0,5.0,5.0,4.0,5.0,6.0,5.16,3.35,5.15,5.38,2023-09-28,
VN_QUANT_184,47,Male,Team Leader,10.1,Master,Retail,Large (> 2000),Vietnam,5586,3.9369548967745662,5.702396863608589,4.65104622127096,6.0991830204391535,3.0,3.0,4.0,3.0,3.0,5.0,3.0,4.0,4.0,4.0,5.0,5.0,5.0,4.0,5.0,3.0,4.0,4.0,3.0,5.0,3.0,6.0,2.0,3.0,5.0,4.0,4.0,4.0,5.0,5.0,4.0,6.0,7.0,6.0,7.0,6.0,6.0,7.0,7.0,6.0,7.0,6.0,7.0,7.0,7.0,6.35,7.0,6.88,5.0,4.0,6.0,6.0,5.0,5.0,6.0,6.0,6.0,5.0,7.0,4.0,5.32,4.37,6.7,5.72,2023-06-04,
VN_QUANT_185,36,Female,Department Head,2.5,Master,Retail,Medium (500-2000),Vietnam,1012,3.793542129158519,4.273077623619044,4.032148915696856,4.852147810702215,3.0,2.0,5.0,4.0,3.0,4.0,2.0,3.0,4.0,3.0,4.0,4.0,3.0,4.0,5.0,3.0,3.0,4.0,3.0,1.0,1.0,4.0,4.0,3.0,4.0,4.0,4.0,4.0,4.0,2.0,4.0,4.0,6.0,5.0,7.0,6.0,6.0,6.0,6.0,6.0,5.0,7.0,6.0,5.0,6.07,5.86,5.97,6.04,5.0,3.0,5.0,6.0,5.0,5.0,4.0,6.0,5.0,4.0,5.0,5.0,4.75,4.4,5.19,6.3,2023-06-13,
VN_QUANT_186,34,Male,Department Head,4.4,Bachelor,Financial Services,Medium (500-2000),Vietnam,1483,3.61894434408185,4.0850904559459735,4.123838551889497,3.5146244067754955,3.0,2.0,3.0,2.0,3.0,4.0,3.0,2.0,3.0,3.0,2.0,4.0,3.0,3.0,3.0,4.0,3.0,3.0,5.0,4.0,5.0,4.0,3.0,3.0,3.0,3.0,3.0,5.0,2.0,3.0,1.0,2.0,6.0,5.0,6.0,6.0,6.0,6.0,6.0,5.0,6.0,6.0,6.0,5.0,6.13,5.51,6.01,5.69,4.0,4.0,6.0,7.0,4.0,5.0,5.0,7.0,5.0,4.0,5.0,6.0,4.26,3.99,4.95,7.0,2023-08-09,
VN_QUANT_187,32,Female,Team Leader,4.8,Master,Retail,Medium (500-2000),Vietnam,1508,3.235982625715083,4.3557350039179585,3.3857780226644243,5.3708010541367495,1.0,2.0,4.0,2.0,3.0,4.0,3.0,2.0,5.0,3.0,2.0,3.0,4.0,4.0,3.0,3.0,1.0,3.0,3.0,2.0,1.0,4.0,2.0,3.0,4.0,3.0,4.0,5.0,3.0,4.0,4.0,5.0,6.0,6.0,7.0,6.0,5.0,7.0,6.0,5.0,7.0,6.0,6.0,7.0,6.21,5.88,6.74,6.19,4.0,5.0,7.0,6.0,5.0,4.0,7.0,5.0,5.0,4.0,7.0,6.0,4.55,4.43,7.0,5.19,2023-09-01,
VN_QUANT_188,25,Male,Department Head,2.0,Master,Healthcare,Small (< 500),Vietnam,124,6.057574108138404,5.48991000440983,5.880371214086368,5.975704060238953,5.0,4.0,4.0,5.0,6.0,4.0,5.0,4.0,5.0,6.0,4.0,4.0,4.0,3.0,5.0,5.0,5.0,4.0,4.0,4.0,5.0,5.0,5.0,4.0,6.0,5.0,5.0,5.0,5.0,6.0,5.0,5.0,7.0,6.0,7.0,7.0,7.0,6.0,7.0,7.0,7.0,7.0,7.0,7.0,6.94,6.92,7.0,7.0,5.0,4.0,5.0,5.0,5.0,4.0,6.0,6.0,4.0,5.0,5.0,5.0,4.26,4.39,4.99,5.75,2023-07-28,
VN_QUANT_189,36,Male,Team Leader,3.0,Bachelor,Retail,Medium (500-2000),Vietnam,997,5.893735148832851,5.349906407116087,5.774734394416421,5.8890172529699285,5.0,6.0,5.0,6.0,5.0,5.0,5.0,3.0,5.0,4.0,5.0,4.0,4.0,4.0,4.0,4.0,4.0,4.0,5.0,5.0,5.0,4.0,4.0,4.0,5.0,5.0,6.0,4.0,5.0,4.0,5.0,4.0,7.0,6.0,7.0,7.0,7.0,7.0,7.0,6.0,7.0,7.0,6.0,7.0,7.0,6.71,7.0,7.0,7.0,3.0,6.0,6.0,7.0,3.0,6.0,7.0,7.0,4.0,5.0,7.0,7.0,3.09,5.78,6.07,2023-06-02,
VN_QUANT_190,60,Female,Team Leader,24.3,Master,Healthcare,Medium (500-2000),Vietnam,1406,5.135161260798782,4.8439825860626735,5.878582548427386,5.281293825951205,5.0,4.0,5.0,2.0,5.0,6.0,3.0,3.0,4.0,4.0,4.0,3.0,5.0,5.0,4.0,4.0,4.0,6.0,4.0,6.0,5.0,3.0,5.0,4.0,4.0,4.0,3.0,4.0,4.0,4.0,4.0,4.0,6.0,6.0,6.0,6.0,5.0,6.0,6.0,5.0,6.0,6.0,6.0,6.0,6.03,5.68,6.31,5.74,4.0,5.0,5.0,6.0,4.0,4.0,5.0,6.0,3.0,3.0,4.0,6.0,3.65,3.94,5.08,6.07,2023-07-30,
VN_QUANT_191,49,Female,Team Leader,14.0,Bachelor,Healthcare,Large (> 2000),Vietnam,7051,4.500725630185596,4.44151452858977,4.232189318696944,4.640242885735144,3.0,4.0,4.0,5.0,4.0,3.0,4.0,4.0,3.0,4.0,4.0,3.0,4.0,3.0,3.0,4.0,3.0,4.0,3.0,4.0,2.0,4.0,2.0,4.0,4.0,4.0,5.0,4.0,3.0,4.0,5.0,4.0,5.0,5.0,7.0,7.0,5.0,6.0,5.0,6.0,7.0,6.0,5.0,6.0,5.88,5.58,6.23,5.89,4.0,4.0,7.0,5.0,5.0,4.0,6.0,5.0,4.0,3.0,7.0,4.0,4.15,3.98,7.0,4.99,2023-08-28,
VN_QUANT_192,31,Female,Senior Executive,3.6,Master,Manufacturing,Medium (500-2000),Vietnam,1242,5.312764408910239,6.282945334282844,5.5764857446091325,6.898010773880496,4.0,4.0,3.0,4.0,5.0,4.0,5.0,3.0,6.0,5.0,4.0,6.0,5.0,6.0,4.0,5.0,4.0,4.0,4.0,3.0,3.0,5.0,5.0,4.0,5.0,5.0,6.0,6.0,5.0,5.0,7.0,7.0,7.0,7.0,7.0,7.0,6.0,7.0,7.0,7.0,7.0,7.0,6.0,7.0,7.0,6.63,7.0,7.0,5.0,2.0,5.0,5.0,5.0,3.0,5.0,5.0,5.0,4.0,6.0,5.0,5.0,2.95,5.77,5.39,2023-07-02,
VN_QUANT_193,35,Female,Department Head,5.4,Master,Manufacturing,Medium (500-2000),Vietnam,948,5.000611113912409,4.0415398218451575,3.806303733178047,5.306289663893064,4.0,4.0,4.0,4.0,4.0,5.0,4.0,3.0,4.0,3.0,3.0,4.0,3.0,4.0,3.0,3.0,2.0,2.0,2.0,3.0,3.0,3.0,4.0,4.0,4.0,5.0,3.0,3.0,3.0,4.0,4.0,6.0,7.0,7.0,7.0,7.0,6.0,6.0,7.0,7.0,6.0,6.0,6.0,7.0,6.68,6.5,6.72,6.57,3.0,3.0,5.0,6.0,4.0,4.0,4.0,7.0,4.0,4.0,5.0,6.0,3.79,4.06,4.81,6.06,2023-08-02,
VN_QUANT_194,35,Male,Department Head,2.2,Bachelor,Retail,Large (> 2000),Vietnam,6683,4.584163943829795,4.878689297188743,4.138633038531469,4.63861457857678,4.0,4.0,3.0,4.0,3.0,5.0,3.0,3.0,5.0,4.0,5.0,4.0,3.0,4.0,4.0,4.0,2.0,3.0,4.0,3.0,3.0,3.0,4.0,2.0,3.0,5.0,3.0,3.0,4.0,2.0,3.0,2.0,5.0,5.0,6.0,6.0,5.0,6.0,6.0,6.0,6.0,6.0,6.0,6.0,5.86,5.75,6.0,5.66,5.0,5.0,5.0,6.0,4.0,4.0,4.0,5.0,5.0,4.0,5.0,6.0,5.05,3.97,5.02,5.68,2023-07-30,
VN_QUANT_195,50,Male,Department Head,13.1,Master,Retail,Large (> 2000),Vietnam,6355,4.527713648036867,5.512269424662569,4.874294792035414,6.297139141095124,3.0,3.0,4.0,3.0,5.0,3.0,3.0,5.0,4.0,3.0,4.0,4.0,3.0,5.0,4.0,4.0,3.0,3.0,4.0,2.0,5.0,3.0,2.0,3.0,5.0,4.0,5.0,4.0,4.0,4.0,4.0,5.0,7.0,7.0,7.0,6.0,7.0,7.0,7.0,6.0,7.0,7.0,7.0,7.0,7.0,7.0,6.82,7.0,3.0,6.0,7.0,7.0,3.0,6.0,6.0,7.0,4.0,6.0,7.0,7.0,3.2,6.02,7.0,7.0,2023-06-26,
VN_QUANT_196,56,Male,Team Leader,7.9,Master,Financial Services,Large (> 2000),Vietnam,5608,4.274347278424586,5.0183675584158856,3.663236974000667,5.505678385716056,3.0,4.0,3.0,3.0,5.0,2.0,2.0,4.0,3.0,3.0,4.0,4.0,3.0,3.0,4.0,3.0,3.0,3.0,3.0,3.0,3.0,2.0,4.0,2.0,6.0,4.0,6.0,4.0,5.0,5.0,3.0,5.0,6.0,7.0,7.0,7.0,7.0,7.0,7.0,6.0,7.0,6.0,6.0,7.0,6.58,6.6,6.98,6.85,5.0,4.0,5.0,5.0,5.0,3.0,6.0,5.0,5.0,3.0,6.0,5.0,5.14,3.18,5.61,5.19,2023-08-29,
VN_QUANT_197,40,Female,Department Head,8.8,Bachelor,Financial Services,Large (> 2000),Vietnam,5271,3.5544615750267017,5.074166187632587,3.305919690497718,3.9278332382187404,4.0,3.0,5.0,3.0,3.0,3.0,1.0,3.0,5.0,5.0,4.0,4.0,4.0,3.0,3.0,4.0,3.0,2.0,3.0,2.0,2.0,2.0,2.0,2.0,3.0,2.0,2.0,3.0,2.0,3.0,3.0,3.0,6.0,5.0,6.0,6.0,6.0,6.0,6.0,6.0,6.0,6.0,6.0,7.0,5.96,5.89,5.99,5.81,4.0,6.0,6.0,5.0,4.0,5.0,5.0,5.0,5.0,6.0,6.0,5.0,4.51,5.0,5.73,4.7,2023-09-10,
VN_QUANT_198,41,Female,Department Head,4.8,Master,Retail,Large (> 2000),Vietnam,4510,5.677600834550666,6.90448886686048,3.898659137302224,5.300494187291392,3.0,4.0,5.0,6.0,5.0,3.0,4.0,3.0,6.0,5.0,5.0,5.0,5.0,6.0,6.0,6.0,4.0,4.0,3.0,3.0,3.0,3.0,3.0,2.0,4.0,4.0,5.0,4.0,4.0,5.0,3.0,4.0,6.0,7.0,7.0,6.0,7.0,7.0,7.0,6.0,7.0,6.0,7.0,7.0,6.71,6.72,7.0,7.0,4.0,5.0,7.0,5.0,4.0,4.0,7.0,6.0,4.0,4.0,7.0,7.0,4.18,4.47,7.0,5.98,2023-06-22,
VN_QUANT_199,43,Female,Team Leader,14.9,Bachelor,Manufacturing,Medium (500-2000),Vietnam,593,6.609767502983026,6.1656612271068205,5.146076657243545,7.0,5.0,3.0,6.0,5.0,7.0,4.0,4.0,5.0,5.0,6.0,6.0,5.0,5.0,5.0,3.0,4.0,4.0,5.0,4.0,4.0,4.0,5.0,2.0,4.0,5.0,6.0,4.0,5.0,6.0,5.0,4.0,5.0,6.0,7.0,7.0,7.0,7.0,7.0,7.0,7.0,7.0,6.0,7.0,7.0,6.84,7.0,7.0,7.0,4.0,4.0,7.0,4.0,4.0,4.0,7.0,4.0,4.0,5.0,7.0,4.0,4.68,5.03,6.95,4.56,2023-08-13,
VN_QUANT_200,39,Male,Department Head,2.0,PhD,Other,Large (> 2000),Vietnam,7116,5.440295214546687,5.693766088162336,3.972644723457462,7.0,5.0,4.0,3.0,4.0,4.0,4.0,4.0,4.0,5.0,6.0,4.0,5.0,5.0,3.0,5.0,5.0,3.0,2.0,3.0,4.0,2.0,3.0,2.0,3.0,6.0,4.0,5.0,4.0,5.0,5.0,5.0,6.0,7.0,7.0,6.0,7.0,7.0,7.0,7.0,7.0,7.0,7.0,7.0,7.0,7.0,7.0,6.98,7.0,4.0,3.0,5.0,6.0,4.0,3.0,6.0,5.0,4.0,3.0,5.0,5.0,4.4,3.2,5.01,5.04,2023-08-26,
VN_QUANT_201,41,Male,Team Leader,3.6,Master,Financial Services,Medium (500-2000),Vietnam,1875,5.13663810508846,5.074139841246197,6.162114751688107,5.071550185977965,3.0,3.0,3.0,3.0,4.0,5.0,3.0,3.0,3.0,5.0,4.0,3.0,2.0,3.0,3.0,4.0,5.0,5.0,6.0,5.0,5.0,6.0,5.0,5.0,4.0,3.0,3.0,4.0,3.0,5.0,2.0,4.0,7.0,7.0,7.0,7.0,7.0,7.0,7.0,7.0,7.0,7.0,7.0,7.0,7.0,6.89,7.0,7.0,4.0,2.0,5.0,7.0,4.0,2.0,5.0,5.0,4.0,2.0,5.0,6.0,4.56,2.12,5.08,5.58,2023-06-04,
VN_QUANT_202,39,Female,Team Leader,8.6,Master,Healthcare,Medium (500-2000),Vietnam,1631,3.862057852625509,3.9254167085142564,4.078321725267006,4.670724471140652,3.0,2.0,2.0,3.0,4.0,4.0,3.0,3.0,4.0,4.0,2.0,3.0,2.0,2.0,2.0,4.0,4.0,2.0,3.0,3.0,3.0,5.0,3.0,2.0,4.0,4.0,4.0,2.0,3.0,3.0,2.0,4.0,6.0,6.0,7.0,6.0,5.0,7.0,6.0,5.0,7.0,6.0,6.0,6.0,5.92,5.91,6.49,5.84,5.0,4.0,6.0,5.0,6.0,3.0,5.0,5.0,5.0,4.0,6.0,6.0,5.84,3.89,5.3,5.47,2023-06-16,
VN_QUANT_203,43,Female,Senior Executive,6.8,Master,Manufacturing,Medium (500-2000),Vietnam,854,5.491732703552759,4.850519106982416,5.228306904424009,5.013833231829573,5.0,4.0,3.0,4.0,6.0,5.0,4.0,4.0,5.0,3.0,5.0,5.0,4.0,5.0,3.0,4.0,4.0,3.0,4.0,5.0,3.0,5.0,3.0,4.0,5.0,4.0,4.0,4.0,5.0,3.0,2.0,4.0,7.0,7.0,7.0,6.0,7.0,7.0,7.0,7.0,7.0,7.0,7.0,7.0,7.0,6.98,7.0,7.0,7.0,4.0,6.0,5.0,7.0,5.0,5.0,5.0,7.0,4.0,5.0,6.0,6.98,4.77,5.51,5.44,2023-09-27,
VN_QUANT_204,25,Male,Department Head,2.0,Master,Financial Services,Small (< 500),Vietnam,144,4.788452800001572,6.183829093570304,5.720035653450403,6.26681306286503,4.0,5.0,4.0,3.0,4.0,3.0,1.0,4.0,6.0,4.0,4.0,3.0,6.0,5.0,3.0,5.0,5.0,5.0,6.0,4.0,4.0,5.0,5.0,5.0,4.0,5.0,5.0,5.0,5.0,5.0,3.0,6.0,7.0,6.0,7.0,7.0,7.0,7.0,7.0,7.0,7.0,7.0,7.0,7.0,7.0,6.85,7.0,7.0,1.0,4.0,6.0,5.0,3.0,3.0,6.0,5.0,2.0,4.0,7.0,5.0,2.03,3.68,6.55,4.94,2023-08-02,
VN_QUANT_205,35,Female,Department Head,5.9,Master,Financial Services,Small (< 500),Vietnam,405,4.310854588350227,6.4762312496453385,5.830189527425445,5.619550018455226,4.0,5.0,3.0,4.0,4.0,3.0,4.0,3.0,5.0,4.0,5.0,6.0,4.0,4.0,5.0,5.0,5.0,5.0,6.0,6.0,3.0,3.0,4.0,3.0,6.0,3.0,4.0,3.0,3.0,4.0,4.0,4.0,7.0,7.0,7.0,7.0,6.0,7.0,7.0,6.0,7.0,7.0,6.0,7.0,7.0,6.72,7.0,7.0,5.0,3.0,6.0,6.0,6.0,4.0,6.0,6.0,5.0,4.0,6.0,6.0,4.74,3.85,5.72,5.87,2023-07-12,
VN_QUANT_206,36,Male,Team Leader,5.5,Master,Financial Services,Medium (500-2000),Vietnam,1376,5.962625849472916,6.154594888174714,4.804944619507952,6.15772960291924,6.0,6.0,4.0,4.0,5.0,4.0,5.0,4.0,6.0,4.0,5.0,4.0,4.0,5.0,6.0,6.0,4.0,4.0,4.0,3.0,4.0,4.0,3.0,3.0,3.0,6.0,4.0,6.0,5.0,4.0,5.0,6.0,7.0,7.0,7.0,7.0,7.0,7.0,7.0,7.0,6.0,6.0,7.0,7.0,6.81,6.74,7.0,7.0,3.0,6.0,6.0,7.0,4.0,6.0,6.0,7.0,3.0,6.0,7.0,7.0,3.59,5.98,5.52,7.0,2023-07-03,d139b7f1f4c41f81
VN_QUANT_207,30,Male,Department Head,2.4,Master,Other,Small (< 500),Vietnam,140,3.9799205943028353,3.336543480073685,3.8022653926870396,5.124051025295264,3.0,3.0,3.0,5.0,4.0,3.0,4.0,3.0,2.0,2.0,4.0,2.0,1.0,2.0,2.0,3.0,3.0,2.0,3.0,1.0,3.0,3.0,2.0,3.0,4.0,4.0,4.0,2.0,5.0,4.0,5.0,2.0,6.0,5.0,6.0,6.0,5.0,6.0,6.0,6.0,6.0,5.0,5.0,6.0,5.59,5.31,6.03,5.86,5.0,4.0,6.0,6.0,5.0,3.0,6.0,7.0,4.0,3.0,6.0,6.0,4.62,3.27,5.8,6.33,2023-06-13,
VN_QUANT_208,44,Male,Department Head,5.1,Master,Manufacturing,Small (< 500),Vietnam,93,6.275896735161475,5.656002016876474,5.357370548688619,6.882104052322847,4.0,5.0,6.0,4.0,5.0,6.0,5.0,5.0,5.0,4.0,4.0,4.0,2.0,3.0,6.0,5.0,5.0,4.0,5.0,4.0,3.0,4.0,4.0,3.0,7.0,7.0,5.0,5.0,4.0,5.0,4.0,5.0,7.0,7.0,7.0,6.0,7.0,6.0,7.0,7.0,7.0,7.0,7.0,7.0,7.0,7.0,7.0,7.0,6.0,5.0,6.0,4.0,6.0,5.0,5.0,4.0,5.0,5.0,6.0,3.0,5.44,4.93,5.29,3.66,2023-07-16,
VN_QUANT_209,33,Male,Department Head,2.6,Master,Retail,Large (> 2000),Vietnam,3479,5.5204108627142805,6.018969289858568,5.597486006062907,6.442719473007565,4.0,3.0,5.0,5.0,5.0,4.0,5.0,3.0,6.0,6.0,6.0,4.0,5.0,4.0,4.0,6.0,3.0,5.0,4.0,5.0,3.0,4.0,5.0,5.0,6.0,5.0,5.0,6.0,4.0,5.0,5.0,5.0,7.0,7.0,7.0,7.0,7.0,7.0,7.0,7.0,7.0,7.0,7.0,7.0,7.0,7.0,7.0,7.0,7.0,3.0,7.0,5.0,7.0,3.0,7.0,5.0,6.0,3.0,7.0,6.0,7.0,3.02,7.0,5.09,2023-09-27,
VN_QUANT_210,27,Male,Department Head,2.0,Bachelor,Healthcare,Large (> 2000),Vietnam,2954,4.861939263596534,6.461384203867669,5.398115212091118,5.653519625454345,3.0,5.0,5.0,6.0,5.0,3.0,4.0,3.0,6.0,6.0,5.0,6.0,5.0,5.0,5.0,5.0,3.0,4.0,4.0,3.0,3.0,4.0,5.0,4.0,5.0,4.0,3.0,4.0,4.0,4.0,3.0,4.0,7.0,7.0,7.0,7.0,6.0,6.0,7.0,6.0,7.0,6.0,6.0,7.0,6.94,6.43,7.0,7.0,5.0,5.0,5.0,6.0,4.0,5.0,5.0,7.0,5.0,4.0,5.0,6.0,4.65,5.15,5.17,6.03,2023-09-16,
VN_QUANT_211,25,Male,Department Head,2.0,Master,Technology,Medium (500-2000),Vietnam,883,2.957803659512865,5.134714387158373,3.8049426453674524,3.21199489816029,3.0,3.0,2.0,3.0,1.0,4.0,3.0,2.0,3.0,4.0,3.0,4.0,3.0,4.0,5.0,4.0,3.0,2.0,3.0,2.0,3.0,2.0,2.0,2.0,2.0,3.0,1.0,2.0,3.0,2.0,2.0,1.0,5.0,5.0,6.0,5.0,6.0,5.0,5.0,5.0,6.0,5.0,5.0,6.0,4.86,5.06,5.59,4.9,6.0,4.0,6.0,4.0,6.0,4.0,5.0,5.0,6.0,4.0,6.0,4.0,5.14,3.93,5.82,4.0,2023-06-13,
VN_QUANT_212,42,Male,Senior Executive,10.5,Master,Financial Services,Large (> 2000),Vietnam,2022,4.721852826686486,5.140639107514601,5.237099584060349,5.791813704434923,3.0,4.0,5.0,5.0,3.0,5.0,3.0,3.0,4.0,4.0,6.0,3.0,3.0,5.0,3.0,5.0,4.0,5.0,3.0,3.0,4.0,5.0,4.0,3.0,5.0,5.0,4.0,5.0,4.0,3.0,5.0,6.0,7.0,7.0,6.0,7.0,7.0,7.0,7.0,6.0,7.0,7.0,7.0,7.0,6.98,6.84,7.0,7.0,4.0,5.0,6.0,4.0,5.0,4.0,6.0,4.0,3.0,4.0,7.0,3.0,3.99,4.49,6.36,3.08,2023-07-03,
VN_QUANT_213,32,Male,Senior Executive,2.0,Master,Other,Small (< 500),Vietnam,239,4.111921936540797,7.0,5.326611232262168,4.826869278375005,4.0,3.0,4.0,4.0,2.0,3.0,4.0,4.0,6.0,6.0,4.0,6.0,5.0,5.0,5.0,4.0,4.0,5.0,6.0,4.0,3.0,2.0,3.0,3.0,6.0,3.0,4.0,2.0,4.0,4.0,5.0,4.0,6.0,7.0,7.0,6.0,6.0,7.0,7.0,7.0,7.0,6.0,6.0,7.0,6.76,6.66,7.0,7.0,4.0,3.0,6.0,5.0,4.0,3.0,7.0,5.0,5.0,3.0,7.0,5.0,3.94,3.36,6.41,4.78,2023-06-14,
VN_QUANT_214,38,Male,Department Head,3.2,PhD,Healthcare,Large (> 2000),Vietnam,6118,6.377847900871579,6.636338332775318,6.24249766153071,6.379755847324687,5.0,5.0,4.0,5.0,6.0,4.0,6.0,6.0,4.0,6.0,7.0,5.0,4.0,6.0,6.0,5.0,5.0,4.0,5.0,5.0,4.0,6.0,6.0,4.0,6.0,5.0,5.0,4.0,5.0,4.0,6.0,7.0,7.0,7.0,7.0,7.0,7.0,7.0,6.0,7.0,7.0,7.0,7.0,6.0,7.0,6.89,7.0,7.0,4.0,4.0,6.0,4.0,4.0,4.0,5.0,5.0,4.0,4.0,5.0,5.0,3.88,4.09,5.45,4.69,2023-06-08,
VN_QUANT_215,51,Female,Senior Executive,19.0,Bachelor,Financial Services,Medium (500-2000),Vietnam,1757,4.933073729056595,3.877580138646778,4.31226785470964,6.2367601812017766,3.0,4.0,5.0,5.0,3.0,5.0,5.0,5.0,2.0,3.0,4.0,3.0,3.0,2.0,2.0,2.0,5.0,3.0,4.0,4.0,3.0,2.0,3.0,3.0,4.0,5.0,5.0,4.0,6.0,3.0,5.0,5.0,7.0,7.0,7.0,6.0,6.0,7.0,6.0,6.0,7.0,7.0,6.0,7.0,6.92,6.37,7.0,6.76,5.0,4.0,7.0,7.0,5.0,4.0,7.0,6.0,5.0,4.0,7.0,7.0,4.21,4.17,6.79,7.0,2023-08-29,
